time,latitude,longitude,mag
2022-06-20 23:57:58.040000+00:00,38.8263321,-122.7985001,0.8
2022-06-20 23:54:35.210000+00:00,37.628334,-118.8730011,2.07
2022-06-20 23:53:02.320000+00:00,38.8253326,-122.8564987,0.37
2022-06-20 23:47:40.880000+00:00,53.8518333333333,-166.647166666667,-0.19
2022-06-20 23:47:16.727000+00:00,63.7577,-148.9799,1.0
2022-06-20 23:40:35.333000+00:00,58.298,-155.0573,0.5
2022-06-20 23:40:24.350000+00:00,33.5896667,-116.8671667,0.49
2022-06-20 23:37:13.600000+00:00,38.824501,-122.8574982,0.64
2022-06-20 23:31:56.160000+00:00,38.824501,-122.8568344,0.36
2022-06-20 23:30:09.220000+00:00,53.8558333333333,-166.643666666667,0.52
2022-06-20 23:28:45.870000+00:00,35.029,-117.6745,1.57
2022-06-20 23:26:58.970000+00:00,37.6306667,-118.8731667,0.99
2022-06-20 23:21:55.830000+00:00,37.6268333,-118.871,1.66
2022-06-20 23:19:10.770000+00:00,38.7973328,-122.7151642,0.87
2022-06-20 23:19:00.980000+00:00,37.6298332,-118.8730011,1.86
2022-06-20 23:17:53.460000+00:00,37.4961667,-121.8255,0.94
2022-06-20 23:02:17.100000+00:00,37.6238327,-118.87117,2.35
2022-06-20 23:00:37.610000+00:00,46.96866666666666,-122.27166666666666,1.52
2022-06-20 22:55:49.790000+00:00,37.6275,-118.873,0.28
2022-06-20 22:51:49.690000+00:00,17.9875,-66.9551666666667,1.77
2022-06-20 22:49:43.770000+00:00,36.2905,-98.18566667,1.47
2022-06-20 22:48:35.740000+00:00,33.5835,-116.8095,1.45
2022-06-20 22:44:34.736000+00:00,37.4236,-116.8011,1.0
2022-06-20 22:42:59.517000+00:00,37.3085,-114.6472,1.6
2022-06-20 22:42:47.240000+00:00,37.6408348,-118.8901672,1.38
2022-06-20 22:42:28.150000+00:00,37.6185,-118.869,0.48
2022-06-20 22:41:22.783000+00:00,37.2973,-114.656,2.1
2022-06-20 22:39:00.280000+00:00,36.0294991,-120.5913315,2.22
2022-06-20 22:36:16.640000+00:00,36.8921661,-121.6155014,2.04
2022-06-20 22:36:12.601000+00:00,0.0267,123.5349,4.3
2022-06-20 22:15:09.680000+00:00,36.0221667,-117.8905,0.91
2022-06-20 22:13:46.420000+00:00,37.6381667,-118.886,0.56
2022-06-20 22:12:24.900000+00:00,35.0588333,-118.3446667,1.12
2022-06-20 22:02:00.050000+00:00,58.4423333333333,-154.4405,0.69
2022-06-20 21:55:20.030000+00:00,37.6385002,-118.8884964,1.87
2022-06-20 21:53:37.190000+00:00,19.6148333333333,-155.277,2.9
2022-06-20 21:53:23.030000+00:00,-25.4768,179.7037,4.4
2022-06-20 21:49:26.119000+00:00,36.334,-116.3159,0.3
2022-06-20 21:43:29.190000+00:00,63.0817,-150.9628,1.5
2022-06-20 21:38:53.290000+00:00,35.9459991,-120.4643326,0.95
2022-06-20 21:36:38.580000+00:00,59.9885,-153.044166666667,-0.09
2022-06-20 21:34:33.310000+00:00,35.8901667,-117.6885,0.95
2022-06-20 21:34:04.970000+00:00,18.1571666666667,-66.8386666666667,3.1
2022-06-20 21:22:22.200000+00:00,37.628334,-118.8721695,1.31
2022-06-20 21:15:25+00:00,49.38166666666667,-120.523,1.81
2022-06-20 21:13:54.750000+00:00,37.6253333,-118.8748333,0.9
2022-06-20 21:09:23.870000+00:00,33.5935,-116.805,0.34
2022-06-20 21:07:11.870000+00:00,19.1989994049072,-155.414169311523,2.42
2022-06-20 21:06:54.470000+00:00,37.6343333,-118.8786667,0.21
2022-06-20 21:06:49.750000+00:00,17.9803333333333,-66.9961666666667,2.48
2022-06-20 21:03:35.440000+00:00,33.8683333,-117.515,1.16
2022-06-20 21:02:40.740000+00:00,46.8851667,-112.4813333,0.9
2022-06-20 21:01:08.760000+00:00,37.6333351,-118.8763351,1.76
2022-06-20 20:56:53.740000+00:00,37.6273346,-118.8738327,1.73
2022-06-20 20:55:41.070000+00:00,37.6318321,-118.878334,1.87
2022-06-20 20:50:09.480000+00:00,38.7900009,-122.7343369,0.76
2022-06-20 20:49:22.440000+00:00,37.6276665,-118.8721695,2.05
2022-06-20 20:49:17.434000+00:00,63.5498,-148.7839,0.3
2022-06-20 20:47:03.180000+00:00,38.8226662,-122.7991638,0.84
2022-06-20 20:45:30.980000+00:00,38.8238335,-122.8010025,0.65
2022-06-20 20:45:21.806000+00:00,38.5562,-119.5134,1.4
2022-06-20 20:44:55.320000+00:00,37.6398315,-118.8925018,1.09
2022-06-20 20:42:29.090000+00:00,37.6253333,-118.8721667,0.72
2022-06-20 20:38:02.800000+00:00,37.6286659,-118.8744965,2.48
2022-06-20 20:33:14.670000+00:00,19.1665000915527,-155.373001098633,2.0
2022-06-20 20:31:25.950000+00:00,44.7888333,-110.8091667,0.52
2022-06-20 20:24:15.790000+00:00,33.147,-116.4168333,1.09
2022-06-20 20:23:10.450000+00:00,37.6246667,-118.8731667,1.8
2022-06-20 20:19:20.460000+00:00,18.058,-67.0926666666667,2.53
2022-06-20 20:01:14.450000+00:00,37.6303329,-118.8748322,1.71
2022-06-20 20:00:37.180000+00:00,32.8226667,-117.07,0.87
2022-06-20 19:58:16.961000+00:00,61.339,-150.9724,1.3
2022-06-20 19:55:06.920000+00:00,53.7993333333333,-166.566,0.17
2022-06-20 19:52:58.753000+00:00,60.4209,-152.3716,1.7
2022-06-20 19:50:15.918000+00:00,63.5383,-147.3287,1.7
2022-06-20 19:47:54.110000+00:00,33.667,-116.7115,0.58
2022-06-20 19:45:58.335000+00:00,53.2071,-166.6975,2.2
2022-06-20 19:41:15.500000+00:00,33.1446667,-116.4175,1.85
2022-06-20 19:38:31.530000+00:00,43.1893333,-110.8973333,1.56
2022-06-20 19:38:12.080000+00:00,35.0815,-95.52216667,1.24
2022-06-20 19:33:02.470000+00:00,47.4255,-123.98616666666666,1.53
2022-06-20 19:31:47.910000+00:00,48.0223333,-115.1131667,1.29
2022-06-20 19:26:50.070000+00:00,37.6398333,-118.882,0.06
2022-06-20 19:25:08.600000+00:00,33.1463333,-116.4105,1.07
2022-06-20 19:24:33.610000+00:00,37.6380005,-118.8843307,1.6
2022-06-20 19:22:59.830000+00:00,37.6395,-118.882,0.06
2022-06-20 19:22:46.648000+00:00,59.1032,-153.2902,1.4
2022-06-20 19:20:28.090000+00:00,33.144,-116.416,1.8
2022-06-20 19:09:52.011000+00:00,60.6236,-151.8041,3.4
2022-06-20 19:09:16.306000+00:00,-17.4593,167.3703,5.4
2022-06-20 19:07:59.640000+00:00,39.8321667,-123.5763333,1.86
2022-06-20 19:06:55.060000+00:00,34.27683333,-96.3735,1.49
2022-06-20 19:03:28.050000+00:00,37.6338348,-118.8753357,1.74
2022-06-20 19:02:45.140000+00:00,35.0,-118.1906667,1.26
2022-06-20 19:00:28.110000+00:00,34.0193333,-117.1031667,1.91
2022-06-20 19:00:02+00:00,33.8413333,-117.4951667,2.15
2022-06-20 18:59:15.660000+00:00,37.639,-118.8816667,-0.01
2022-06-20 18:57:54.440000+00:00,37.6363333,-118.8825,0.93
2022-06-20 18:57:33.740000+00:00,37.6349983,-118.8826675,1.49
2022-06-20 18:57:04.176000+00:00,38.1756,-117.8222,0.8
2022-06-20 18:51:09.785000+00:00,31.65436954,-104.4566163,2.3
2022-06-20 18:46:24.120000+00:00,37.2618332,-121.6366653,2.01
2022-06-20 18:39:22.652000+00:00,-22.2128,-179.4594,4.4
2022-06-20 18:37:37.840000+00:00,44.7916667,-110.8026667,0.11
2022-06-20 18:35:39+00:00,19.1963329315186,-155.392166137695,2.13000011
2022-06-20 18:34:14.170000+00:00,37.633667,-118.8815002,1.75
2022-06-20 18:30:27.562000+00:00,39.9769,-121.6256,1.2
2022-06-20 18:29:38.789000+00:00,59.9945,-152.4911,1.1
2022-06-20 18:29:26.220000+00:00,54.1918333333333,-165.988166666667,-0.56
2022-06-20 18:28:34.770000+00:00,40.9688333,-125.2936667,2.98
2022-06-20 18:27:47.920000+00:00,35.8826667,-117.6776667,0.28
2022-06-20 18:19:32.991000+00:00,59.9822,-152.3538,1.9
2022-06-20 18:13:36.490000+00:00,38.8113327,-122.7726669,0.59
2022-06-20 18:13:17.970000+00:00,38.8095016,-122.7695007,1.42
2022-06-20 18:11:45.850000+00:00,37.6338348,-118.8758316,1.4
2022-06-20 18:06:39.650000+00:00,37.6355019,-118.8820038,1.79
2022-06-20 17:59:13.650000+00:00,35.6846667,-117.511,1.47
2022-06-20 17:57:42.070000+00:00,38.8255005,-122.8048325,1.17
2022-06-20 17:42:40.090000+00:00,37.6155014,-122.3671646,1.63
2022-06-20 17:33:22.449000+00:00,36.853,-97.78316667,1.65
2022-06-20 17:29:24.820000+00:00,61.5435,-149.924,1.4
2022-06-20 17:27:24.346000+00:00,37.3907,-117.0962,0.5
2022-06-20 17:26:33.320000+00:00,17.959,-66.8416666666667,2.12
2022-06-20 17:23:34.980000+00:00,54.195,-165.991166666667,-0.66
2022-06-20 17:23:29.110000+00:00,37.5076667,-121.8915,0.72
2022-06-20 17:21:07.010000+00:00,37.6361667,-118.89,0.18
2022-06-20 17:16:50.609000+00:00,61.5046,-150.1708,1.3
2022-06-20 17:13:26.730000+00:00,54.1983333333333,-165.984,-0.78
2022-06-20 17:12:17.250000+00:00,44.7956667,-110.8063333,0.31
2022-06-20 17:04:34.260000+00:00,54.201,-165.984833333333,-0.56
2022-06-20 17:02:15.180000+00:00,37.6406667,-118.8933333,-0.02
2022-06-20 17:01:13.600000+00:00,33.7186667,-116.7721667,0.51
2022-06-20 16:54:59.720000+00:00,37.6976667,-119.0435,0.21
2022-06-20 16:52:04.390000+00:00,33.3851667,-116.8058333,0.6
2022-06-20 16:47:19.337000+00:00,39.4227,-118.0745,0.4
2022-06-20 16:46:34.090000+00:00,59.6233,-152.3851,0.9
2022-06-20 16:43:47.240000+00:00,44.3526667,-115.169,1.98
2022-06-20 16:37:33.782000+00:00,38.1716,-117.8239,2.4
2022-06-20 16:36:15.620000+00:00,37.635,-118.8813333,0.9
2022-06-20 16:30:41.410000+00:00,37.6394997,-118.8913345,1.15
2022-06-20 16:27:37.550000+00:00,39.3468333,-123.2635,1.37
2022-06-20 16:19:15.860000+00:00,38.1574,-117.9964,0.5
2022-06-20 16:19:00.510000+00:00,44.7958333,-110.804,0.54
2022-06-20 16:18:25.121000+00:00,60.1464,-153.1421,2.1
2022-06-20 16:18:11.080000+00:00,37.6448333,-118.897,0.29
2022-06-20 16:17:24.320000+00:00,39.3466667,-123.2636667,1.29
2022-06-20 16:16:17.992000+00:00,58.0967,-153.7268,1.4
2022-06-20 16:14:09.160000+00:00,44.7901667,-110.8056667,0.45
2022-06-20 16:08:49.280000+00:00,37.6409988,-118.883667,0.97
2022-06-20 16:05:54.650000+00:00,37.6326667,-118.8766667,1.47
2022-06-20 16:04:38.730000+00:00,37.6221667,-118.8735,0.08
2022-06-20 15:59:59.540000+00:00,36.9864998,-121.4398346,1.8
2022-06-20 15:58:53.440000+00:00,18.0046666666667,-66.8258333333333,2.09
2022-06-20 15:55:23.450000+00:00,44.7781667,-110.8203333,0.43
2022-06-20 15:50:53.890000+00:00,44.7996667,-110.7976667,0.97
2022-06-20 15:43:14.050000+00:00,38.8320007,-122.8176651,1.08
2022-06-20 15:43:06.790000+00:00,37.6315,-118.8805,2.64
2022-06-20 15:42:41.360000+00:00,19.1506671905518,-155.489837646484,2.18
2022-06-20 15:41:58.950000+00:00,37.6355,-118.886,1.69
2022-06-20 15:39:46.740000+00:00,37.6321667,-118.8851667,3.0
2022-06-20 15:39:22.800000+00:00,37.6316667,-118.8815,2.83
2022-06-20 15:36:23.940000+00:00,60.0026666666667,-153.085833333333,-0.89
2022-06-20 15:32:01.370000+00:00,33.5923333,-116.6331667,1.4
2022-06-20 15:28:13.860000+00:00,19.171667098999,-155.484664916992,1.76999998
2022-06-20 15:19:43.300000+00:00,53.8961666666667,-166.906,-0.62
2022-06-20 15:16:38.221000+00:00,38.1669,-117.8962,0.9
2022-06-20 14:54:20.400000+00:00,33.0041667,-116.2146667,0.92
2022-06-20 14:52:53.453000+00:00,60.9787,-148.0757,1.2
2022-06-20 14:52:05.580000+00:00,19.1856670379639,-155.484832763672,2.25
2022-06-20 14:50:23.067000+00:00,59.9017,-151.766,1.7
2022-06-20 14:47:09.780000+00:00,37.6351667,-118.8865,2.22
2022-06-20 14:22:22+00:00,35.8383333,-117.6806667,1.48
2022-06-20 14:18:35.180000+00:00,44.7965,-110.7991667,1.22
2022-06-20 14:17:30.350000+00:00,54.1316666666667,-165.955666666667,-0.91
2022-06-20 14:11:07.830000+00:00,19.1644992828369,-155.491668701172,1.85000002
2022-06-20 14:03:42.735000+00:00,62.6543,-145.5137,1.4
2022-06-20 13:56:41.400000+00:00,35.6156667,-117.466,1.11
2022-06-20 13:33:24.597000+00:00,36.6942,-117.0653,-0.1
2022-06-20 13:28:26.300000+00:00,36.0541667,-117.8778333,0.66
2022-06-20 13:27:11.430000+00:00,58.4271666666667,-154.491666666667,0.26
2022-06-20 13:20:47.324000+00:00,39.0753,-119.7125,0.9
2022-06-20 13:19:39.250000+00:00,33.9915,-116.6961667,0.58
2022-06-20 13:10:05.520000+00:00,48.48883333333333,-123.5635,1.01
2022-06-20 13:09:43.620000+00:00,44.7886667,-110.8068333,0.58
2022-06-20 13:09:21.730000+00:00,38.779335,-122.7683334,1.13
2022-06-20 13:09:21.420000+00:00,44.7968333,-110.804,0.71
2022-06-20 13:07:49.290000+00:00,54.5701666666667,-163.331833333333,1.35
2022-06-20 13:07:49.090000+00:00,37.3418333,-121.7673333,1.38
2022-06-20 13:04:11.090000+00:00,19.2426662445068,-155.398834228516,2.15
2022-06-20 12:59:05.321000+00:00,-60.066,-27.3117,5.2
2022-06-20 12:53:15.540000+00:00,19.1688327789307,-155.484161376953,1.79999995
2022-06-20 12:50:52.013000+00:00,58.2153,-155.4666,0.6
2022-06-20 12:50:05.230000+00:00,58.1831666666667,-155.340833333333,-0.68
2022-06-20 12:47:08.710000+00:00,46.88066666666667,-121.93383333333334,0.51
2022-06-20 12:45:07.858000+00:00,59.5731,-153.1054,1.6
2022-06-20 12:42:57.070000+00:00,47.477,-115.7776667,1.58
2022-06-20 12:36:37.510000+00:00,33.2506667,-116.0351667,0.9
2022-06-20 12:32:10.680000+00:00,19.2371673583984,-155.389495849609,1.92999995
2022-06-20 12:20:12.018000+00:00,-60.563,-26.7939,4.8
2022-06-20 12:14:05.390000+00:00,37.6365,-118.8893333,0.77
2022-06-20 12:10:51.320000+00:00,61.1576666666667,-152.115833333333,-0.11
2022-06-20 12:08:31.700000+00:00,37.6361667,-118.8881667,1.98
2022-06-20 11:58:54.560000+00:00,46.85383333333333,-121.75816666666668,0.93
2022-06-20 11:51:23.623000+00:00,32.00555114,-103.8398127,2.2
2022-06-20 11:47:13.890000+00:00,33.3926667,-116.9826667,0.68
2022-06-20 11:40:54.322000+00:00,62.4651,-149.2591,1.0
2022-06-20 11:27:22.420000+00:00,47.8653333,-113.8811667,0.4
2022-06-20 11:19:45.063000+00:00,65.0791,-148.9105,0.7
2022-06-20 11:19:09.820000+00:00,19.2428340911865,-155.397827148438,1.84000003
2022-06-20 11:17:05.690000+00:00,19.2434997558594,-155.381332397461,2.26
2022-06-20 11:09:32.450000+00:00,36.10883333,-97.83783333,1.13
2022-06-20 11:00:16.687000+00:00,60.1437,-150.6408,1.0
2022-06-20 10:57:51.399000+00:00,36.10833333,-97.83266667,2.09
2022-06-20 10:57:38.580000+00:00,33.2815,-115.9708333,1.01
2022-06-20 10:56:45.024000+00:00,63.5834,-147.4513,1.1
2022-06-20 10:54:04.230000+00:00,33.2756667,-115.9933333,0.94
2022-06-20 10:53:48.737000+00:00,-22.5651,-66.258,4.4
2022-06-20 10:53:43.140000+00:00,33.1255,-116.073,0.45
2022-06-20 10:50:49.750000+00:00,37.5231667,-118.7838333,0.77
2022-06-20 10:47:19.240000+00:00,35.8593333,-117.6601667,0.39
2022-06-20 10:44:26.150000+00:00,34.6811667,-118.34,1.32
2022-06-20 10:32:55.304000+00:00,-7.543,-13.4247,4.9
2022-06-20 10:30:00.855000+00:00,59.6308,-152.8194,1.1
2022-06-20 10:29:06.919000+00:00,36.11066667,-97.8355,2.18
2022-06-20 10:23:31.335000+00:00,59.5111,-152.8959,0.6
2022-06-20 10:11:05.905000+00:00,38.1836,-117.7835,0.9
2022-06-20 10:09:01.720000+00:00,37.6393333,-118.8883333,1.05
2022-06-20 10:04:04.840000+00:00,19.1525001525879,-155.492660522461,2.2
2022-06-20 10:01:46.710000+00:00,37.6425,-118.891,0.22
2022-06-20 09:58:18.898000+00:00,62.3155,-151.2387,1.2
2022-06-20 09:44:06.500000+00:00,58.5143333333333,-154.162166666667,0.31
2022-06-20 09:27:15.530000+00:00,39.3478333,-123.2653333,1.81
2022-06-20 09:26:53.410000+00:00,39.3478333,-123.2663333,1.58
2022-06-20 09:26:02.052000+00:00,61.3979,-146.7138,1.2
2022-06-20 09:22:02.140000+00:00,38.7991676,-122.748497,0.36
2022-06-20 09:19:38.760000+00:00,38.8206673,-122.7611694,1.21
2022-06-20 09:18:59.580000+00:00,38.8143349,-122.7708359,1.17
2022-06-20 09:17:08.810000+00:00,38.8223343,-122.7584991,2.62
2022-06-20 09:15:05.880000+00:00,38.8378334,-122.8095016,0.9
2022-06-20 09:09:43.140000+00:00,39.559,-123.7768333,1.82
2022-06-20 09:04:12.538000+00:00,58.1927,-152.8083,1.9
2022-06-20 09:03:32.719000+00:00,39.1942,-119.6293,-0.2
2022-06-20 09:02:28.640000+00:00,33.859,-117.6818333,1.19
2022-06-20 08:56:22.610000+00:00,18.0568333333333,-66.891,1.71
2022-06-20 08:56:05.520000+00:00,38.1025009,-122.2425003,1.44
2022-06-20 08:53:55.100000+00:00,37.6413333,-118.8938333,1.35
2022-06-20 08:52:49.300000+00:00,37.6448333,-118.8898333,0.72
2022-06-20 08:52:07.030000+00:00,37.641,-118.8901667,1.07
2022-06-20 08:51:54.930000+00:00,37.6415,-118.894,0.27
2022-06-20 08:51:07.260000+00:00,37.6406667,-118.891,1.09
2022-06-20 08:50:44.210000+00:00,37.631,-118.8808333,0.23
2022-06-20 08:49:58.170000+00:00,33.292,-116.7521667,0.87
2022-06-20 08:48:45.110000+00:00,37.6328333,-118.8818333,1.87
2022-06-20 08:46:48.560000+00:00,17.9601666666667,-66.991,1.38
2022-06-20 08:41:12.763000+00:00,58.1611,-152.8131,1.4
2022-06-20 08:40:36.340000+00:00,37.6428333,-118.8828333,1.0
2022-06-20 08:35:41.009000+00:00,34.94433333,-97.6,0.6
2022-06-20 08:35:09.780000+00:00,37.6338333,-118.8803333,1.43
2022-06-20 08:32:23.190000+00:00,37.6391667,-118.8858333,1.88
2022-06-20 08:32:04.450000+00:00,38.8313332,-122.8138351,1.35
2022-06-20 08:30:27.620000+00:00,36.11016667,-97.8395,1.21
2022-06-20 08:30:04.470000+00:00,37.6381667,-118.8913333,1.81
2022-06-20 08:29:03.140000+00:00,37.6401667,-118.8895,1.86
2022-06-20 08:28:25.420000+00:00,37.6421667,-118.8881667,1.26
2022-06-20 08:27:59.800000+00:00,37.6425,-118.8933333,2.03
2022-06-20 08:27:36.920000+00:00,37.6401667,-118.8906667,2.77
2022-06-20 08:24:36.470000+00:00,37.6408333,-118.8908333,1.04
2022-06-20 08:13:13.650000+00:00,33.3728333,-116.966,0.67
2022-06-20 08:10:33.530000+00:00,36.11116667,-97.83766667,1.22
2022-06-20 08:09:00.950000+00:00,37.6406667,-118.8896667,1.52
2022-06-20 08:07:51.650000+00:00,19.0419998168945,-155.380340576172,2.28
2022-06-20 08:05:35.910000+00:00,39.6674,-120.4585,0.0
2022-06-20 08:02:49.650000+00:00,38.8171654,-122.8014984,0.5
2022-06-20 07:57:59.822000+00:00,57.5683,-155.1522,2.6
2022-06-20 07:56:11.560000+00:00,33.558,-82.3015,2.08
2022-06-20 07:55:50.080000+00:00,35.9905,-117.9666667,0.72
2022-06-20 07:54:35.840000+00:00,37.7267,-114.1886,0.6
2022-06-20 07:53:42.160000+00:00,34.2906667,-118.7675,1.15
2022-06-20 07:51:16.109000+00:00,38.1715,-117.8234,0.9
2022-06-20 07:45:14.691000+00:00,61.4295,-150.0602,1.9
2022-06-20 07:42:36.270000+00:00,19.0408325195312,-155.375839233398,1.88
2022-06-20 07:38:08.110000+00:00,51.89,-176.5995,1.53
2022-06-20 07:37:13.940000+00:00,38.8235016,-122.793663,0.91
2022-06-20 07:31:41.370000+00:00,34.0431667,-117.2418333,0.9
2022-06-20 07:18:43.710000+00:00,17.9771666666667,-66.9728333333333,2.44
2022-06-20 07:17:44.720000+00:00,33.5995,-116.6285,0.62
2022-06-20 07:14:01.390000+00:00,32.693,-115.4458333,1.07
2022-06-20 07:10:45.140000+00:00,33.6026667,-116.6296667,0.16
2022-06-20 07:10:33.370000+00:00,32.7126667,-115.4518333,1.32
2022-06-20 07:06:04.370000+00:00,19.2313327789307,-155.397338867188,1.98
2022-06-20 07:00:46.378000+00:00,60.3347,-147.4034,1.8
2022-06-20 06:57:35.130000+00:00,38.8343315,-122.8166656,0.36
2022-06-20 06:40:17.176000+00:00,59.9511,-153.5701,1.0
2022-06-20 06:25:50.710000+00:00,47.4508333,-112.7665,0.55
2022-06-20 06:25:09.267000+00:00,-17.8625,-178.4661,4.5
2022-06-20 06:15:23.380000+00:00,58.3008333333333,-154.985833333333,-0.24
2022-06-20 06:15:04.310000+00:00,38.8193321,-122.7633362,0.53
2022-06-20 06:02:07.003000+00:00,63.6668,-152.0295,1.2
2022-06-20 05:59:33.860000+00:00,37.6396667,-118.8868333,1.51
2022-06-20 05:55:27.110000+00:00,37.636,-118.8818333,0.58
2022-06-20 05:54:52.315000+00:00,66.0435,-148.3824,1.0
2022-06-20 05:53:45.750000+00:00,58.3703333333333,-154.795833333333,-0.27
2022-06-20 05:52:09.780000+00:00,37.6291667,-118.8791667,1.46
2022-06-20 05:51:43.076000+00:00,38.1687,-117.8318,0.8
2022-06-20 05:47:52.060000+00:00,33.5963333,-116.6395,1.91
2022-06-20 05:46:20.560000+00:00,33.1638333,-115.661,1.25
2022-06-20 05:46:10.360000+00:00,33.1648333,-115.7096667,0.3
2022-06-20 05:45:54.140000+00:00,58.3713,-154.6713,1.0
2022-06-20 05:45:49+00:00,37.6321667,-118.8828333,1.9
2022-06-20 05:41:59.140000+00:00,39.3483333,-123.2646667,1.3
2022-06-20 05:40:05.900000+00:00,61.409,-152.059166666667,0.59
2022-06-20 05:39:12.386000+00:00,2.5581,128.2986,4.6
2022-06-20 05:38:40.250000+00:00,36.11233333,-97.83833333,1.52
2022-06-20 05:37:13.600000+00:00,17.8996666666667,-66.8823333333333,1.8
2022-06-20 05:36:21.690000+00:00,36.11616667,-97.84083333,1.2
2022-06-20 05:35:25.190000+00:00,37.6533333,-118.9045,1.09
2022-06-20 05:34:12.950000+00:00,19.2490005493164,-155.409164428711,2.3
2022-06-20 05:33:43.330000+00:00,59.362,-153.424166666667,-0.09
2022-06-20 05:33:12.470000+00:00,36.1033333,-117.8486667,1.27
2022-06-20 05:33:03.620000+00:00,37.6356659,-118.8841629,2.79
2022-06-20 05:31:54.109000+00:00,36.31966667,-96.98183333,0.62
2022-06-20 05:29:35.948000+00:00,39.9406,-120.4218,0.5
2022-06-20 05:26:27.768000+00:00,61.6828,-146.959,3.1
2022-06-20 05:26:05.870000+00:00,37.6355,-118.8858333,1.43
2022-06-20 05:14:03.070000+00:00,19.2518329620361,-155.38883972168,1.85000002
2022-06-20 05:13:00.834000+00:00,40.0779,-120.9175,1.7
2022-06-20 05:08:06.120000+00:00,38.8343333,-122.8155,1.23
2022-06-20 05:07:34.880000+00:00,38.8236656,-122.8105011,0.84
2022-06-20 05:06:01.340000+00:00,35.1155,-95.5485,1.33
2022-06-20 05:01:39.657000+00:00,2.2753,96.3607,4.6
2022-06-20 04:58:39.650000+00:00,39.516,-111.9236667,1.37
2022-06-20 04:51:54.891000+00:00,43.5824,147.2238,4.1
2022-06-20 04:48:09.060000+00:00,35.6373333,-117.4588333,1.04
2022-06-20 04:45:09.320000+00:00,42.1175,-123.82866666666666,3.22
2022-06-20 04:43:56.940000+00:00,17.9395,-66.8718333333333,2.42
2022-06-20 04:41:57.200000+00:00,62.0775,-148.9461,2.2
2022-06-20 04:39:23.470000+00:00,46.9286667,-112.5261667,-0.33
2022-06-20 04:25:37.880000+00:00,19.2308330535889,-155.391159057617,2.29
2022-06-20 04:15:14.122000+00:00,23.6021,121.5507,4.2
2022-06-20 04:11:43.670000+00:00,44.3261667,-110.3821667,0.6
2022-06-20 04:10:49.927000+00:00,65.6017,-165.3707,2.6
2022-06-20 04:09:33.520000+00:00,19.2485,-155.399666666667,3.43
2022-06-20 04:07:40.030000+00:00,32.7331667,-115.6573333,2.04
2022-06-20 04:00:19.490000+00:00,37.5221667,-118.7848333,1.54
2022-06-20 04:00:08+00:00,38.8286667,-122.7546667,0.65
2022-06-20 03:53:03.955000+00:00,63.5046,-154.2578,2.4
2022-06-20 03:49:03.510000+00:00,19.5855,-155.593833333333,0.78
2022-06-20 03:40:29.350000+00:00,32.3988333,-115.2291667,3.75
2022-06-20 03:40:29.140000+00:00,17.9265,-66.8375,2.38
2022-06-20 03:36:20.603000+00:00,37.6237,-118.0166,0.5
2022-06-20 03:33:18.180000+00:00,17.9095,-66.9465,2.21
2022-06-20 03:31:51.314000+00:00,60.4861,-150.7295,1.4
2022-06-20 03:25:24.960000+00:00,37.9801667,-122.248,1.3
2022-06-20 03:25:09.120000+00:00,38.8361667,-122.8098333,0.51
2022-06-20 03:14:05.940000+00:00,38.7808333,-122.7668333,0.32
2022-06-20 03:13:12.720000+00:00,38.8116684,-122.7671661,0.35
2022-06-20 03:11:33.295000+00:00,38.1616,-118.1895,0.8
2022-06-20 03:09:53.070000+00:00,34.92616667,-97.60483333,1.45
2022-06-20 03:04:57.309000+00:00,38.5773,55.5432,4.6
2022-06-20 03:04:49.860000+00:00,38.8334999,-122.8156662,0.85
2022-06-20 03:04:37.030000+00:00,38.8318333,-122.8155,1.29
2022-06-20 03:04:24.320000+00:00,38.8306667,-122.814,1.65
2022-06-20 03:02:12.350000+00:00,17.9486666666667,-66.91,1.94
2022-06-20 03:00:42.460000+00:00,38.8341675,-122.8118362,0.36
2022-06-20 02:59:10.880000+00:00,35.7316667,-117.7255,1.2
2022-06-20 02:55:51.296000+00:00,59.407,-151.788,1.4
2022-06-20 02:48:29.520000+00:00,38.7885017,-122.7699966,0.85
2022-06-20 02:43:42.235000+00:00,60.6854,-150.3138,1.4
2022-06-20 02:43:29.260000+00:00,38.8221664,-122.7908325,0.84
2022-06-20 02:39:12.500000+00:00,51.8613333333333,-177.864166666667,0.58
2022-06-20 02:31:20.690000+00:00,36.4846667,-89.6171667,1.75
2022-06-20 02:25:34.720000+00:00,46.8836667,-112.524,0.38
2022-06-20 02:18:44.820000+00:00,19.2164993286133,-155.393997192383,1.84000003
2022-06-20 02:18:21.771000+00:00,57.5942,-155.6627,2.3
2022-06-20 02:16:16.050000+00:00,19.2358341217041,-155.394836425781,1.98000002
2022-06-20 02:15:29.970000+00:00,17.8673333333333,-66.8995,2.27
2022-06-20 02:13:32.480000+00:00,32.6975,-115.4455,2.12
2022-06-20 02:11:44.710000+00:00,18.0045,-66.7403333333333,2.3
2022-06-20 02:08:52.870000+00:00,54.4576666666667,-164.669166666667,0.47
2022-06-20 02:01:59.910000+00:00,38.7879982,-122.7666702,0.88
2022-06-20 01:50:59.140000+00:00,19.2455005645752,-155.392669677734,1.91999996
2022-06-20 01:39:43.194000+00:00,23.7397,121.4693,5.2
2022-06-20 01:35:44.630000+00:00,40.722,-124.2306667,2.17
2022-06-20 01:31:33.321000+00:00,37.4635,137.3362,4.9
2022-06-20 01:29:52.969000+00:00,61.2936,-151.5113,0.2
2022-06-20 01:28:05.269000+00:00,34.958,-97.6,1.01
2022-06-20 01:24:50.390000+00:00,52.3708333333333,-174.230333333333,1.01
2022-06-20 01:22:49.410000+00:00,38.8334999,-122.8181686,0.85
2022-06-20 01:17:48.079000+00:00,-20.2896,-68.6996,4.8
2022-06-20 01:15:28.943000+00:00,36.6898,-116.3057,0.2
2022-06-20 01:05:07.174000+00:00,23.6497,121.4839,5.9
2022-06-20 00:57:32.483000+00:00,37.4399,22.2296,4.1
2022-06-20 00:50:52.937000+00:00,31.58419294,-104.1534264,2.1
2022-06-20 00:48:26.840000+00:00,36.0853333,-117.6595,1.12
2022-06-20 00:47:55.346000+00:00,31.56871551,-104.1708038,2.7
2022-06-20 00:30:04.090000+00:00,39.3046667,-122.7925,1.6
2022-06-20 00:29:08.340000+00:00,17.9531666666667,-66.8471666666667,2.36
2022-06-20 00:18:29.429000+00:00,45.0362,142.2132,4.3
2022-06-20 00:18:25.318000+00:00,44.8977,143.6309,4.5
2022-06-20 00:08:51.420000+00:00,35.781,-117.6438333,0.5
2022-06-20 00:06:53.870000+00:00,38.7801666,-122.7573318,0.91
2022-06-20 00:05:49.800000+00:00,35.8998333,-117.6996667,0.7
2022-06-20 00:03:49.710000+00:00,38.8240013,-122.7949982,0.84
2022-06-19 23:55:39.830000+00:00,33.1851667,-116.6551667,0.7
2022-06-19 23:46:21.140000+00:00,35.897,-117.6971667,0.76
2022-06-19 23:37:07.570000+00:00,19.0806,-66.8533,3.68
2022-06-19 23:32:23.670000+00:00,34.1618333,-117.3585,0.95
2022-06-19 23:24:33.822000+00:00,35.2976,27.1157,5.0
2022-06-19 23:09:35.160000+00:00,44.3183333,-115.2036667,2.28
2022-06-19 23:07:00.786000+00:00,65.0033,-147.4561,1.1
2022-06-19 22:55:02.481000+00:00,63.3307,-153.253,1.3
2022-06-19 22:54:02.890000+00:00,38.8231667,-122.7636667,0.39
2022-06-19 22:47:08.317000+00:00,57.1053,-155.3877,1.8
2022-06-19 22:40:55.542000+00:00,27.5071,103.7036,4.6
2022-06-19 22:36:53.200000+00:00,19.7645,-156.120833333333,2.89
2022-06-19 22:33:55.680000+00:00,36.5283333,-89.6155,1.36
2022-06-19 22:19:03.500000+00:00,40.4921667,-124.2941667,1.65
2022-06-19 22:16:49.226000+00:00,-17.2722,-70.7598,4.6
2022-06-19 22:15:39.199000+00:00,57.3939,-154.6325,1.9
2022-06-19 22:11:41.300000+00:00,66.4169,-146.799,1.2
2022-06-19 22:09:56.550000+00:00,61.7111,-146.0903,1.6
2022-06-19 21:56:15.840000+00:00,17.9951666666667,-66.8325,2.38
2022-06-19 21:50:55.860000+00:00,47.4575,-112.7771667,1.21
2022-06-19 21:38:58.414000+00:00,63.1759,-151.3594,1.2
2022-06-19 21:36:11.790000+00:00,33.6871667,-116.7746667,0.71
2022-06-19 21:33:39.460000+00:00,34.0105,-117.1241667,1.08
2022-06-19 21:31:46.830000+00:00,17.9648333333333,-66.9641666666667,2.24
2022-06-19 21:27:42.070000+00:00,19.2513332366943,-155.410339355469,2.45
2022-06-19 21:27:03.110000+00:00,33.7063333,-116.749,0.7
2022-06-19 21:23:25.670000+00:00,38.8221664,-122.7975006,0.67
2022-06-19 21:21:17.080000+00:00,19.2186660766602,-155.399337768555,2.43
2022-06-19 21:17:22.560000+00:00,19.1998333333333,-155.385666666667,3.78
2022-06-19 21:15:18.230000+00:00,19.241,-155.399166666667,3.89
2022-06-19 21:06:12.468000+00:00,-22.2067,-68.6975,4.2
2022-06-19 21:05:38.850000+00:00,38.8388333,-122.8093333,1.46
2022-06-19 20:58:41.680000+00:00,33.5508333,-116.6765,0.32
2022-06-19 20:45:41.322000+00:00,57.8403,-153.6388,2.3
2022-06-19 20:44:34.871000+00:00,31.68639648,-104.444272,2.9
2022-06-19 20:29:36.801000+00:00,61.5031,-149.8855,2.2
2022-06-19 20:26:31.745000+00:00,44.4647,147.9723,5.0
2022-06-19 20:25:16.310000+00:00,34.053,-117.2561667,1.18
2022-06-19 20:15:22.905000+00:00,63.3112,-150.981,1.3
2022-06-19 20:08:57.417000+00:00,35.9352,-115.9065,1.4
2022-06-19 20:08:20.630000+00:00,37.6365,-118.8851667,0.76
2022-06-19 20:07:48.180000+00:00,60.1455,-152.8293,0.9
2022-06-19 20:03:40.600000+00:00,18.3985,-66.2776666666667,2.87
2022-06-19 20:00:57.010000+00:00,19.2043342590332,-155.385498046875,1.99000001
2022-06-19 19:56:26.350000+00:00,38.8396683,-122.8105011,0.36
2022-06-19 19:43:54.663000+00:00,61.584,-148.0465,0.8
2022-06-19 19:40:43.610000+00:00,19.425500869751,-155.613662719727,1.99
2022-06-19 19:32:10.910000+00:00,37.6013333,-122.4596667,0.59
2022-06-19 19:21:10.280000+00:00,17.9971666666667,-66.9318333333333,2.31
2022-06-19 19:14:35.106000+00:00,53.3243,-166.2984,1.4
2022-06-19 19:10:05.600000+00:00,38.7988319,-122.7393341,0.7
2022-06-19 18:58:49.754000+00:00,-14.7069,-76.8939,4.5
2022-06-19 18:58:23.085000+00:00,63.2807,-151.2913,1.2
2022-06-19 18:56:00.530000+00:00,37.6336667,-118.8845,1.13
2022-06-19 18:54:17.620000+00:00,36.8758333,-121.614,1.38
2022-06-19 18:51:45.896000+00:00,59.7116,-151.4158,2.1
2022-06-19 18:41:33.100000+00:00,38.7784996,-122.7245026,1.03
2022-06-19 18:38:02.620000+00:00,38.7756667,-122.7283333,1.22
2022-06-19 18:36:44.950000+00:00,59.9856666666667,-153.092833333333,-0.77
2022-06-19 18:34:38.030000+00:00,38.7766685,-122.7276688,0.93
2022-06-19 18:33:29.170000+00:00,38.7751667,-122.726,-0.22
2022-06-19 18:32:41.310000+00:00,38.7765,-122.7273333,2.24
2022-06-19 18:31:54.700000+00:00,38.8224983,-122.8068314,0.89
2022-06-19 18:26:57.770000+00:00,34.201,-117.6053333,1.25
2022-06-19 18:24:47.016000+00:00,26.5911,126.4246,4.3
2022-06-19 18:19:27.110000+00:00,38.7758331,-122.725502,1.14
2022-06-19 18:16:05.750000+00:00,19.1493339538574,-155.468338012695,2.08
2022-06-19 18:13:45.010000+00:00,19.2331657409668,-155.420166015625,1.88999999
2022-06-19 18:01:07.610000+00:00,33.558,-116.6276667,0.53
2022-06-19 17:58:52.350000+00:00,38.7795,-122.7261667,-0.12
2022-06-19 17:57:29.737000+00:00,13.1861,-90.6721,5.1
2022-06-19 17:49:49.190000+00:00,38.8185005,-122.8043365,0.5
2022-06-19 17:43:04.220000+00:00,33.3821667,-116.8703333,0.49
2022-06-19 17:39:02.069000+00:00,35.84633333,-97.83,1.25
2022-06-19 17:38:33.200000+00:00,38.8409996,-122.8781662,0.86
2022-06-19 17:34:20.768000+00:00,59.805,-151.9262,0.8
2022-06-19 17:31:48.460000+00:00,36.4485,-97.00383333,0.76
2022-06-19 17:22:15.370000+00:00,60.9476666666667,-152.304166666667,0.43
2022-06-19 17:21:08.052000+00:00,65.0773,-152.1076,1.0
2022-06-19 17:10:49.060000+00:00,33.034,-116.0018333,0.97
2022-06-19 17:04:39.400000+00:00,49.2295,-123.67533333333331,1.74
2022-06-19 16:58:08.950000+00:00,33.4175,-116.6076667,0.07
2022-06-19 16:57:11.732000+00:00,32.31628418,-101.7966368,2.2
2022-06-19 16:44:16.981000+00:00,44.5575,-56.0404,4.5
2022-06-19 16:40:58.300000+00:00,38.848999,-122.8183365,0.86
2022-06-19 16:37:49.530000+00:00,19.2231674194336,-155.412826538086,2.36
2022-06-19 16:35:21.248000+00:00,62.186,-153.7201,1.0
2022-06-19 16:32:04.682000+00:00,65.6372,-143.7511,1.3
2022-06-19 16:26:15.970000+00:00,38.8263321,-122.8321686,0.85
2022-06-19 16:24:31.140000+00:00,38.8330002,-122.815834,0.85
2022-06-19 16:18:05.027000+00:00,31.73379083,-104.1010517,2.6
2022-06-19 16:09:00+00:00,32.9141667,-116.2665,1.72
2022-06-19 16:03:11.820000+00:00,40.7588333,-123.7866667,2.37
2022-06-19 15:59:17.732000+00:00,64.6912,-150.7211,0.8
2022-06-19 15:55:08.400000+00:00,38.8325005,-122.8160019,0.86
2022-06-19 15:53:48.510000+00:00,47.93116666666667,-124.41683333333332,2.92
2022-06-19 15:50:03.070000+00:00,33.239,-116.0125,0.87
2022-06-19 15:43:43.230000+00:00,43.212,-110.8821667,1.86
2022-06-19 15:42:27.740000+00:00,44.3798333,-115.1976667,2.13
2022-06-19 15:39:15.128000+00:00,37.2512,-115.1126,1.0
2022-06-19 15:33:00.470000+00:00,35.6696667,-117.4781667,1.42
2022-06-19 15:31:19.340000+00:00,38.8131676,-122.8134995,1.19
2022-06-19 15:29:58.410000+00:00,19.2023334503174,-155.390838623047,1.89999998
2022-06-19 15:28:15.360000+00:00,43.1688333,-110.8525,1.5
2022-06-19 15:20:04.840000+00:00,38.7946663,-122.7681656,0.7
2022-06-19 15:14:53.099000+00:00,60.5731,-151.7926,1.1
2022-06-19 15:13:15.260000+00:00,36.878,-121.6145,0.69
2022-06-19 15:09:45.050000+00:00,35.5148333,-117.4035,0.97
2022-06-19 14:52:57.933000+00:00,37.2287,-115.1709,0.8
2022-06-19 14:49:02.141000+00:00,67.153,-143.1958,2.6
2022-06-19 14:43:47.740000+00:00,34.0408333,-118.3458333,0.97
2022-06-19 14:38:18.199000+00:00,-22.0764,-65.9986,4.1
2022-06-19 14:37:22.150000+00:00,51.7886666666667,-178.810833333333,0.11
2022-06-19 14:36:35.400000+00:00,19.1860008239746,-155.386337280273,1.98000002
2022-06-19 14:31:35.570000+00:00,37.6335,-118.8856667,0.75
2022-06-19 14:11:47.700000+00:00,36.69933333,-97.68533333,1.63
2022-06-19 14:10:20.240000+00:00,52.0965,-176.158833333333,0.47
2022-06-19 14:09:13.718000+00:00,39.5802,141.556,4.2
2022-06-19 14:04:33.160000+00:00,31.71844677,-104.5253646,2.6
2022-06-19 14:01:36.560000+00:00,35.9446667,-120.4988333,0.79
2022-06-19 13:53:29.822000+00:00,61.5236,-150.7263,1.1
2022-06-19 13:49:36.640000+00:00,38.8373337,-122.829834,0.86
2022-06-19 13:45:42.520000+00:00,58.2566666666667,-155.165,-0.21
2022-06-19 13:27:15.057000+00:00,38.2544,-118.3636,1.7
2022-06-19 13:26:44.810000+00:00,38.7896652,-122.769165,0.36
2022-06-19 13:18:01.800000+00:00,36.6635,-115.8612,1.3
2022-06-19 13:11:53.270000+00:00,33.2371667,-116.66,1.55
2022-06-19 13:10:00.973000+00:00,67.1441,-142.9907,2.3
2022-06-19 13:06:59.910000+00:00,37.4206667,-121.763,0.97
2022-06-19 13:06:41.140000+00:00,34.4215,-119.1425,1.53
2022-06-19 12:58:11.530000+00:00,32.9146667,-115.5261667,1.22
2022-06-19 12:57:12.590000+00:00,35.9455,-120.5003333,1.08
2022-06-19 12:57:06.870000+00:00,19.2140007019043,-155.408828735352,2.5
2022-06-19 12:47:06.156000+00:00,44.4805,-130.244,3.6
2022-06-19 12:40:39.370000+00:00,33.3378333,-116.3935,0.63
2022-06-19 12:38:26.847000+00:00,-22.5266,-174.7607,4.8
2022-06-19 12:17:07.605000+00:00,36.3312,-116.2903,1.2
2022-06-19 12:08:33.976000+00:00,62.1834,-148.5987,1.1
2022-06-19 11:55:53.070000+00:00,19.1833324432373,-155.483673095703,1.86000001
2022-06-19 11:55:10.940000+00:00,43.9766667,-110.3016667,1.46
2022-06-19 11:49:20.228000+00:00,-20.3489,-174.8098,5.5
2022-06-19 11:34:02.117000+00:00,60.6088,-151.782,2.6
2022-06-19 11:31:50.380000+00:00,37.6365,-118.897,0.84
2022-06-19 11:30:34.190000+00:00,37.6375,-118.8946667,1.38
2022-06-19 11:29:02.040000+00:00,61.6324,-147.361,1.5
2022-06-19 11:09:50.141000+00:00,64.9256,-149.2525,0.7
2022-06-19 11:09:32.060000+00:00,36.0331667,-117.8335,1.03
2022-06-19 10:59:50.980000+00:00,33.4853333,-116.4626667,0.62
2022-06-19 10:58:37.299000+00:00,35.63,-97.35116667,1.21
2022-06-19 10:46:29.420000+00:00,37.635,-118.8868333,0.85
2022-06-19 10:45:09.200000+00:00,53.992,-166.119666666667,0.63
2022-06-19 10:39:55.680000+00:00,33.0513333,-116.44,0.59
2022-06-19 10:29:16.082000+00:00,62.5749,-149.4954,1.3
2022-06-19 10:29:04.950000+00:00,34.1718333,-117.3775,0.89
2022-06-19 10:28:35.140000+00:00,36.5788333,-121.1758333,1.1
2022-06-19 10:23:39.941000+00:00,60.6959,-147.4507,2.4
2022-06-19 10:20:59.150000+00:00,33.683,-116.7245,0.44
2022-06-19 10:15:44.140000+00:00,33.5943333,-116.6316667,0.25
2022-06-19 10:09:44.190000+00:00,17.9078333333333,-66.9565,3.01
2022-06-19 10:07:37.964000+00:00,26.7555,126.483,5.1
2022-06-19 10:03:52.317000+00:00,59.0968,-152.5745,2.6
2022-06-19 09:55:19.599000+00:00,26.7209,126.5383,5.5
2022-06-19 09:53:57.461000+00:00,31.66686736,-104.3738403,2.4
2022-06-19 09:34:49.320000+00:00,36.6173333,-117.0055,1.53
2022-06-19 09:34:41.143000+00:00,31.64863424,-104.4877757,2.4
2022-06-19 09:27:56.652000+00:00,36.9101,140.403,4.6
2022-06-19 09:21:47.357000+00:00,62.3239,-152.0416,1.5
2022-06-19 09:17:08.511000+00:00,65.5565,-148.4574,1.4
2022-06-19 09:15:14.130000+00:00,34.4823333,-118.9848333,1.41
2022-06-19 09:14:23.260000+00:00,34.485,-118.9841667,1.33
2022-06-19 09:12:45.210000+00:00,61.1923333333333,-152.296333333333,-0.07
2022-06-19 08:40:27.040000+00:00,38.8383331,-122.7993317,0.85
2022-06-19 08:35:27.650000+00:00,38.8273315,-122.7894974,0.85
2022-06-19 08:29:28+00:00,37.4201667,-121.7616667,1.77
2022-06-19 08:28:59.384000+00:00,29.39666748,-97.36730239,2.4
2022-06-19 08:25:38.850000+00:00,33.531,-116.7348333,0.13
2022-06-19 08:25:38.160000+00:00,34.1645,-116.421,0.66
2022-06-19 08:23:32.080000+00:00,34.0166667,-116.7563333,0.79
2022-06-19 08:22:58.039000+00:00,31.61498412,-104.2883863,2.2
2022-06-19 08:17:16.360000+00:00,46.96633333333333,-121.9715,0.43
2022-06-19 08:16:40.200000+00:00,36.2066667,-120.3361667,1.12
2022-06-19 08:15:38.477000+00:00,60.6705,-142.5811,1.2
2022-06-19 08:14:15.790000+00:00,37.4203333,-118.5941667,2.16
2022-06-19 08:12:07.810000+00:00,36.6783333,-83.5618333,2.19
2022-06-19 08:06:07.300000+00:00,37.4223333,-121.761,1.63
2022-06-19 08:04:59.460000+00:00,39.4305,-110.3071667,1.64
2022-06-19 08:01:04.546000+00:00,31.63427403,-104.2906892,2.1
2022-06-19 07:57:03.180000+00:00,38.8356667,-122.7893295,0.66
2022-06-19 07:55:54.247000+00:00,58.0142,-151.8827,1.7
2022-06-19 07:50:40.390000+00:00,38.8349991,-122.8164978,0.36
2022-06-19 07:49:04.420000+00:00,37.4191667,-121.763,1.15
2022-06-19 07:48:15.930000+00:00,34.418,-119.139,2.84
2022-06-19 07:47:02.490000+00:00,38.8338318,-122.7896652,0.36
2022-06-19 07:36:01.651000+00:00,31.62758426,-104.2952103,3.3
2022-06-19 07:35:46.240000+00:00,37.4205,-121.7635,1.04
2022-06-19 07:35:29.530000+00:00,37.4216667,-121.7616667,1.69
2022-06-19 07:30:04.320000+00:00,36.1338333,-117.91,1.0
2022-06-19 07:24:03.013000+00:00,55.9509,-153.5514,3.1
2022-06-19 07:23:47.200000+00:00,37.421,-121.7615,1.76
2022-06-19 07:22:35.102000+00:00,64.6976,-153.5022,1.8
2022-06-19 07:16:17.540000+00:00,17.923,-66.7686666666667,2.11
2022-06-19 07:12:10.490000+00:00,33.2381667,-116.6458333,0.59
2022-06-19 07:04:28.580000+00:00,36.0911667,-120.663,0.79
2022-06-19 07:01:46.530000+00:00,62.2274,-151.1363,1.1
2022-06-19 06:55:07.940000+00:00,38.8351669,-122.7948303,0.85
2022-06-19 06:33:07.280000+00:00,38.8308334,-122.8168335,1.15
2022-06-19 06:32:37.510000+00:00,38.5221672,-119.5326691,1.84
2022-06-19 06:30:42.421000+00:00,31.62497722,-104.2682878,2.1
2022-06-19 06:28:03.960000+00:00,17.9598333333333,-66.9683333333333,2.17
2022-06-19 06:24:36.720000+00:00,34.4808333,-118.9858333,1.47
2022-06-19 06:19:38.820000+00:00,36.1778333,-120.7556667,1.16
2022-06-19 06:18:25.811000+00:00,38.2006,-117.8604,1.2
2022-06-19 06:17:58.950000+00:00,36.165,-120.756,1.41
2022-06-19 06:17:33.140000+00:00,36.1735,-120.77,1.0
2022-06-19 06:08:06.908000+00:00,37.5146,137.345,5.1
2022-06-19 06:06:03.750000+00:00,44.5238333,-110.5438333,0.65
2022-06-19 06:00:29.300000+00:00,38.7803345,-122.7665024,0.62
2022-06-19 05:59:20.550000+00:00,58.1728333333333,-155.320333333333,-0.05
2022-06-19 05:56:26.265000+00:00,31.61478201,-104.5288644,2.1
2022-06-19 05:52:43.526000+00:00,62.4741,-150.0629,1.9
2022-06-19 05:47:42.310000+00:00,37.0596667,-121.4905,0.82
2022-06-19 05:46:55.896000+00:00,36.2965,-116.2494,1.3
2022-06-19 05:43:33.692000+00:00,60.431,-151.6444,1.8
2022-06-19 05:43:10.412000+00:00,63.4807,-150.1568,2.2
2022-06-19 05:39:34.092000+00:00,61.7879,-149.5905,1.1
2022-06-19 05:27:38.850000+00:00,38.7891667,-122.7656667,-0.08
2022-06-19 05:26:16.240000+00:00,40.7396667,-112.0283333,1.27
2022-06-19 05:25:15.621000+00:00,64.9359,-147.6179,0.4
2022-06-19 05:21:55.015000+00:00,36.3187,-116.2316,0.8
2022-06-19 04:59:46.630000+00:00,46.85433333333334,-120.68383333333334,0.98
2022-06-19 04:51:42.200000+00:00,17.9796666666667,-66.975,2.18
2022-06-19 04:42:14.150000+00:00,19.1991672515869,-155.421661376953,2.1400001
2022-06-19 04:41:30.950000+00:00,38.833168,-122.8073349,0.85
2022-06-19 04:33:25.900000+00:00,17.9245,-66.8591666666667,2.4
2022-06-19 04:32:04.740000+00:00,37.6376667,-118.8986667,0.31
2022-06-19 04:29:28.980000+00:00,38.8353333,-122.8031667,1.17
2022-06-19 04:28:58.938000+00:00,-19.9295,-174.6167,4.9
2022-06-19 04:28:46.410000+00:00,36.5431667,-121.1343333,1.91
2022-06-19 04:26:52.490000+00:00,38.8230019,-122.7981644,0.84
2022-06-19 04:18:23.390000+00:00,37.6376667,-118.895,1.21
2022-06-19 04:10:06.064000+00:00,36.3151,-116.2853,2.6
2022-06-19 04:08:43.220000+00:00,37.6385,-118.8956667,0.32
2022-06-19 04:08:23.740000+00:00,37.6395,-118.8976667,0.25
2022-06-19 04:06:19.420000+00:00,44.712,-110.1025,1.32
2022-06-19 03:57:26.937000+00:00,60.3841,-152.4179,0.9
2022-06-19 03:55:20.861000+00:00,61.0026,-152.7104,2.2
2022-06-19 03:48:33.450000+00:00,47.5655,-122.60783333333332,1.46
2022-06-19 03:40:53.960000+00:00,19.1284999847412,-155.494003295898,1.78999996
2022-06-19 03:31:48.090000+00:00,33.6811667,-116.7118333,0.71
2022-06-19 03:31:46.600000+00:00,33.684,-116.7065,0.65
2022-06-19 03:24:48.113000+00:00,31.68239677,-104.3890505,2.1
2022-06-19 03:22:14.762000+00:00,58.1002,-154.5251,2.7
2022-06-19 03:13:37.400000+00:00,38.8256683,-122.7634964,0.67
2022-06-19 03:07:01.534000+00:00,-17.7251,-174.0276,4.7
2022-06-19 02:39:51.770000+00:00,37.619,-118.9525,0.68
2022-06-19 02:36:34.830000+00:00,37.4523333,-118.8241667,0.78
2022-06-19 02:31:56.760000+00:00,17.9115,-66.8475,2.53
2022-06-19 02:24:22.211000+00:00,62.2531,-150.0771,1.1
2022-06-19 02:20:03.099000+00:00,31.6072269,-103.9601863,2.4
2022-06-19 02:09:14.630000+00:00,17.985,-66.9045,2.32
2022-06-19 02:06:32.268000+00:00,22.1149,143.8145,4.5
2022-06-19 01:52:40.050000+00:00,19.4806666666667,-155.597,2.4
2022-06-19 01:33:00.840000+00:00,19.2368335723877,-155.401840209961,2.19
2022-06-19 01:20:07.080000+00:00,38.821167,-122.805336,0.35
2022-06-19 01:19:04.700000+00:00,51.7886666666667,-178.792666666667,0.7
2022-06-19 01:13:54.810000+00:00,35.84816667,-97.821,1.32
2022-06-19 01:08:13.690000+00:00,53.786,-166.996333333333,1.57
2022-06-19 01:04:12.120000+00:00,46.85383333333333,-121.75633333333332,1.1
2022-06-19 01:02:34.740000+00:00,38.7938347,-122.7269974,0.7
2022-06-19 01:00:16.370000+00:00,19.1364994049072,-155.488006591797,1.90999997
2022-06-19 00:49:54.700000+00:00,36.36666667,-97.36666667,0.95
2022-06-19 00:48:46.360000+00:00,51.8395,-178.8015,1.07
2022-06-19 00:47:08.240000+00:00,37.6176682,-118.9513321,0.87
2022-06-19 00:41:57.140000+00:00,33.4736667,-116.4765,0.69
2022-06-19 00:41:43.970000+00:00,33.4763333,-116.4763333,0.21
2022-06-19 00:39:20.330000+00:00,37.6175,-118.9501667,0.29
2022-06-19 00:34:24.910000+00:00,38.8321648,-122.8130035,0.85
2022-06-19 00:27:15.540000+00:00,36.4521667,-117.978,1.79
2022-06-19 00:24:34.570000+00:00,38.8373337,-122.8078308,0.85
2022-06-19 00:22:39.990000+00:00,38.8199997,-122.8031693,0.84
2022-06-19 00:16:39.660000+00:00,19.3334999084473,-155.106170654297,1.82
2022-06-19 00:15:19.180000+00:00,46.85033333333333,-121.75566666666668,1.49
2022-06-19 00:06:38.860000+00:00,36.4486667,-117.9766667,1.99
2022-06-19 00:03:40.551000+00:00,59.9455,-153.3752,1.8
2022-06-18 23:53:57+00:00,35.868,-117.705,0.67
2022-06-18 23:53:41.840000+00:00,35.6505,-117.4045,0.67
2022-06-18 23:50:22.770000+00:00,18.3063,-68.5861,3.92
2022-06-18 23:43:12.700000+00:00,38.7985001,-122.8078308,0.63
2022-06-18 23:41:55.970000+00:00,51.848,-177.779666666667,1.22
2022-06-18 23:17:52.550000+00:00,38.8231659,-122.7861633,0.95
2022-06-18 23:08:01.640000+00:00,38.8421669,-122.8778305,0.62
2022-06-18 23:03:49.270000+00:00,17.9475,-66.9203333333333,2.03
2022-06-18 22:59:31.330000+00:00,19.155834197998,-155.490493774414,1.82000005
2022-06-18 22:58:13.123000+00:00,63.9668,-149.0289,2.5
2022-06-18 22:53:31.210000+00:00,37.4741667,-118.8076667,0.47
2022-06-18 22:50:19.402000+00:00,32.1697998,-101.6937405,2.2
2022-06-18 22:46:54.199000+00:00,63.5249,-146.3811,1.4
2022-06-18 22:46:21.446000+00:00,64.9929,-147.3892,1.3
2022-06-18 22:26:07.912000+00:00,63.219,-151.3445,1.2
2022-06-18 22:21:24.442000+00:00,44.322,-115.1892,2.8
2022-06-18 22:16:30.370000+00:00,17.975,-66.816,2.55
2022-06-18 21:47:18.850000+00:00,34.3025,-118.4391667,0.86
2022-06-18 21:46:44.496000+00:00,59.6243,-152.2718,1.8
2022-06-18 21:43:23.530000+00:00,17.9461666666667,-66.5138333333333,2.23
2022-06-18 21:41:30.770000+00:00,53.9903333333333,-166.122666666667,0.24
2022-06-18 21:41:07.010000+00:00,36.2758333,-120.4588333,1.18
2022-06-18 21:35:59.320000+00:00,19.2568340301514,-155.40299987793,1.88
2022-06-18 21:26:45.420000+00:00,37.506,-118.8703333,0.55
2022-06-18 21:16:23.440000+00:00,17.929,-66.8696666666667,1.99
2022-06-18 21:11:40.774000+00:00,38.675,-119.5341,1.2
2022-06-18 21:09:29.612000+00:00,41.6596,81.4497,4.2
2022-06-18 20:44:27.382000+00:00,-44.7904,36.6284,4.6
2022-06-18 20:40:43.150000+00:00,17.9211666666667,-66.8736666666667,2.23
2022-06-18 20:39:34.822000+00:00,56.2506,-148.6997,3.0
2022-06-18 20:35:32.770000+00:00,38.7598343,-122.7220001,0.88
2022-06-18 20:35:27.820000+00:00,38.7594986,-122.7226639,0.98
2022-06-18 20:28:42.080000+00:00,38.8353348,-122.7894974,0.85
2022-06-18 20:22:40.070000+00:00,52.2648333333333,-174.108666666667,1.12
2022-06-18 20:22:37.359000+00:00,59.9372,-151.4371,1.2
2022-06-18 20:16:36.515000+00:00,63.2748,-151.1,1.2
2022-06-18 20:14:16.080000+00:00,37.1923333,-121.5806667,3.33
2022-06-18 20:08:38.770000+00:00,33.5913333,-116.8036667,0.35
2022-06-18 20:03:06.560000+00:00,47.48383333333334,-121.9475,1.09
2022-06-18 19:53:23.630000+00:00,35.9098333,-117.7416667,0.98
2022-06-18 19:51:19.070000+00:00,35.908,-117.7425,1.03
2022-06-18 19:48:03.910000+00:00,35.9063333,-117.7436667,1.08
2022-06-18 19:47:43.530000+00:00,35.9066667,-117.7436667,1.05
2022-06-18 19:41:43.650000+00:00,36.6353333,-121.1805,1.2
2022-06-18 19:41:02.398000+00:00,61.9257,-147.13,1.5
2022-06-18 19:40:32.820000+00:00,35.908,-117.7425,2.26
2022-06-18 19:39:25.608000+00:00,53.4692,160.3206,4.3
2022-06-18 19:36:55.090000+00:00,35.9056667,-117.7426667,1.81
2022-06-18 19:36:33.710000+00:00,35.9065,-117.7458333,1.85
2022-06-18 19:34:22.863000+00:00,61.5625,-152.0556,1.3
2022-06-18 19:27:47.100000+00:00,54.1758333333333,-166.052666666667,-0.12
2022-06-18 19:26:30.720000+00:00,59.6837,-153.2838,1.3
2022-06-18 19:16:26.650000+00:00,-0.7785,-91.4821,4.8
2022-06-18 19:05:02.312000+00:00,38.1084,-118.2293,1.4
2022-06-18 18:57:02.500000+00:00,59.9896666666667,-153.097333333333,-1.06
2022-06-18 18:49:54.740000+00:00,56.8741666666667,-158.156,-0.54
2022-06-18 18:49:22.170000+00:00,56.863,-158.141,-0.21
2022-06-18 18:48:04.700000+00:00,56.8983333333333,-158.119,-0.27
2022-06-18 18:46:20.140000+00:00,56.8348333333333,-158.075,0.71
2022-06-18 18:45:42.070000+00:00,56.8146666666667,-158.053833333333,0.27
2022-06-18 18:44:40.220000+00:00,56.8535,-158.128666666667,0.53
2022-06-18 18:42:25.300000+00:00,56.8903333333333,-158.123166666667,-0.36
2022-06-18 18:40:27.400000+00:00,56.8753333333333,-158.143833333333,-0.55
2022-06-18 18:24:12.465000+00:00,-33.5007,-69.5508,5.1
2022-06-18 18:16:02.850000+00:00,38.8296661,-122.800499,0.94
2022-06-18 18:11:44.240000+00:00,38.7996674,-122.7516632,0.7
2022-06-18 17:59:32.510000+00:00,33.9915,-117.21,0.82
2022-06-18 17:53:00.060000+00:00,19.1943340301514,-155.477493286133,2.0
2022-06-18 17:46:20.528000+00:00,38.1795,-117.8179,0.8
2022-06-18 17:40:29.080000+00:00,19.1905002593994,-155.380172729492,1.82000005
2022-06-18 17:40:28.134000+00:00,63.4455,-151.3131,1.9
2022-06-18 17:37:56.230000+00:00,38.7939987,-122.7490005,0.21
2022-06-18 17:36:55.660000+00:00,34.0278333,-117.2521667,0.82
2022-06-18 17:20:10.244000+00:00,61.7569,-150.832,1.1
2022-06-18 17:01:43.623000+00:00,26.6139,54.184,4.4
2022-06-18 16:58:36.076000+00:00,38.1682,-117.8217,2.0
2022-06-18 16:50:03.800000+00:00,37.6516667,-118.8931667,1.07
2022-06-18 16:49:10.153000+00:00,38.1908,-117.8758,1.2
2022-06-18 16:44:48.852000+00:00,26.6409,54.1919,4.9
2022-06-18 16:43:13.142000+00:00,38.1822,-117.8763,1.4
2022-06-18 16:37:58.540000+00:00,34.2071667,-117.5248333,1.14
2022-06-18 16:29:06.810000+00:00,17.9498333333333,-66.9556666666667,2.66
2022-06-18 16:27:57.680000+00:00,33.2838333,-116.082,1.14
2022-06-18 16:26:27.373000+00:00,6.896,-73.0994,4.5
2022-06-18 16:23:18.310000+00:00,35.9716667,-120.5211667,-0.34
2022-06-18 16:19:29.830000+00:00,33.4898333,-116.7548333,0.12
2022-06-18 16:07:34.930000+00:00,53.8241666666667,-166.494833333333,0.37
2022-06-18 16:06:30.179000+00:00,35.0865,-95.50766667,1.63
2022-06-18 16:03:56.460000+00:00,51.9415,-177.1075,0.66
2022-06-18 16:03:10.906000+00:00,61.395,-147.6089,0.9
2022-06-18 15:58:10.340000+00:00,38.544,-122.309,1.48
2022-06-18 15:55:05.580000+00:00,38.759,-122.7241667,0.14
2022-06-18 15:55:02.188000+00:00,-11.0212,115.2609,4.5
2022-06-18 15:53:20.450000+00:00,17.8936666666667,-66.8665,2.82
2022-06-18 15:48:58.940000+00:00,18.9498333333333,-66.7778333333333,3.25
2022-06-18 15:38:49.731000+00:00,54.428,-159.6592,3.5
2022-06-18 15:36:47.390000+00:00,36.0188333,-120.5863333,0.51
2022-06-18 15:31:15.155000+00:00,62.1226,-147.4978,1.1
2022-06-18 15:11:53.320000+00:00,36.45766667,-98.76416667,0.85
2022-06-18 15:05:10.272000+00:00,-32.4156,-177.2727,4.9
2022-06-18 15:01:19.950000+00:00,37.6501667,-118.8926667,1.17
2022-06-18 14:58:18.430000+00:00,61.6822,-147.1749,1.9
2022-06-18 14:56:07.510000+00:00,35.7575,-117.5658333,0.91
2022-06-18 14:45:47.240000+00:00,46.19716666666667,-122.22233333333334,-0.32
2022-06-18 14:38:34.878000+00:00,63.2361,-151.0872,1.2
2022-06-18 14:37:31.040000+00:00,37.6465,-118.9076667,1.31
2022-06-18 14:36:10.080000+00:00,37.6501667,-118.9001667,0.25
2022-06-18 14:24:28.432000+00:00,40.0338,-119.5979,0.1
2022-06-18 14:23:05.122000+00:00,62.4032,-149.5377,1.9
2022-06-18 13:58:40.370000+00:00,31.7298588,-104.5357175,3.8
2022-06-18 13:51:36.890000+00:00,38.7874985,-122.7679977,0.67
2022-06-18 13:46:32.396000+00:00,61.69,-149.4666,1.2
2022-06-18 13:36:01.617000+00:00,61.9528,-150.975,1.7
2022-06-18 13:27:25.698000+00:00,39.8647,-120.4935,1.1
2022-06-18 13:18:20.140000+00:00,35.84716667,-97.82333333,1.48
2022-06-18 13:17:37.800000+00:00,38.2703333,-112.2911667,1.6
2022-06-18 13:14:25.319000+00:00,38.5215,-119.3893,1.2
2022-06-18 13:09:27.319000+00:00,62.4747,-148.449,1.2
2022-06-18 13:09:22.620000+00:00,36.9688333,-121.611,0.92
2022-06-18 13:08:35.900000+00:00,45.6425,-122.75566666666668,1.33
2022-06-18 12:59:35.130000+00:00,57.615,-155.2771,1.8
2022-06-18 12:53:21.973000+00:00,38.2395,-119.1655,1.7
2022-06-18 12:51:35.670000+00:00,58.2733333333333,-154.9895,0.02
2022-06-18 12:44:09.396000+00:00,61.8435,-149.9235,1.5
2022-06-18 12:43:34.699000+00:00,31.07871877,-103.2521254,3.2
2022-06-18 12:23:48.728000+00:00,61.7317,-149.7662,1.5
2022-06-18 11:51:06.090000+00:00,38.8019981,-122.7764969,0.63
2022-06-18 11:44:26.330000+00:00,38.7573318,-122.7279968,0.47
2022-06-18 11:43:13.120000+00:00,17.9715,-66.9846666666667,2.46
2022-06-18 11:43:09.620000+00:00,40.393,-124.4445,2.61
2022-06-18 11:35:22.414000+00:00,61.5941,-149.6957,1.0
2022-06-18 11:22:49.660000+00:00,40.5938333,-124.175,2.68
2022-06-18 11:22:18.247000+00:00,-4.9534,102.975,5.3
2022-06-18 11:21:45.975000+00:00,62.9059,-150.8873,1.6
2022-06-18 11:14:43.270000+00:00,18.0708333333333,-66.84,2.85
2022-06-18 11:13:27.930000+00:00,33.5971667,-116.8031667,0.44
2022-06-18 11:10:21.060000+00:00,33.2898333,-116.3203333,0.24
2022-06-18 11:10:18.390000+00:00,33.5118333,-116.8975,0.53
2022-06-18 11:07:15.215000+00:00,62.3922,-148.578,1.3
2022-06-18 11:06:17.240000+00:00,33.5125,-116.8968333,0.84
2022-06-18 11:05:20.877000+00:00,42.8373,-127.6703,2.9
2022-06-18 10:56:32.950000+00:00,18.7461,-66.984,3.84
2022-06-18 10:52:06.140000+00:00,38.8361664,-122.8123322,0.85
2022-06-18 10:44:19.670000+00:00,61.593,-149.6513,3.3
2022-06-18 10:40:51.777000+00:00,39.5604,-120.019,0.3
2022-06-18 10:24:03.200000+00:00,38.8253326,-122.7870026,0.91
2022-06-18 10:03:29.170000+00:00,34.0351667,-117.1856667,1.43
2022-06-18 09:53:26.440000+00:00,38.8353333,-122.8008333,0.01
2022-06-18 09:53:09.110000+00:00,38.8306667,-122.7445,0.4
2022-06-18 09:42:36.809000+00:00,52.1518,176.7653,2.7
2022-06-18 09:38:49.890000+00:00,18.0036666666667,-66.826,2.43
2022-06-18 09:27:02.591000+00:00,38.1856,-117.8025,1.3
2022-06-18 09:26:39.830000+00:00,18.4946666666667,-66.1741666666667,3.01
2022-06-18 09:16:27.835000+00:00,59.9753,-153.2569,0.9
2022-06-18 09:12:57.030000+00:00,33.0748333,-116.598,0.77
2022-06-18 09:03:45.710000+00:00,19.1556663513184,-155.369171142578,1.76999998
2022-06-18 08:59:11.920000+00:00,58.2796666666667,-154.979,0.04
2022-06-18 08:39:59.980000+00:00,48.7615,-121.8455,1.35
2022-06-18 08:35:21.510000+00:00,33.16,-115.6485,1.74
2022-06-18 08:31:40.100000+00:00,38.8336678,-122.8078308,0.85
2022-06-18 08:23:43.430000+00:00,33.7136667,-117.4388333,0.7
2022-06-18 08:21:58.780000+00:00,38.3666667,-122.4053333,1.38
2022-06-18 08:15:08.169000+00:00,64.8521,-149.0094,2.8
2022-06-18 08:12:14.220000+00:00,32.7008333,-116.7588333,0.72
2022-06-18 08:11:03.636000+00:00,40.0942,-119.6731,0.5
2022-06-18 08:09:07.410000+00:00,38.8028336,-122.7751694,0.35
2022-06-18 08:05:26.670000+00:00,38.8023338,-122.7750015,0.7
2022-06-18 08:05:23.720000+00:00,32.4525,-82.1405,3.9
2022-06-18 07:48:59.168000+00:00,40.0759,-119.6628,1.4
2022-06-18 07:33:16.970000+00:00,33.044,-116.4435,0.86
2022-06-18 07:28:51.250000+00:00,36.0071667,-117.8031667,1.98
2022-06-18 07:18:57.530000+00:00,38.8343315,-122.7910004,1.17
2022-06-18 07:11:05.462000+00:00,38.4215,-118.3275,0.5
2022-06-18 07:02:10.523000+00:00,61.5154,-149.9433,1.0
2022-06-18 06:45:49.250000+00:00,45.6361667,-111.5001667,-0.08
2022-06-18 06:37:09.055000+00:00,-17.7599,-178.5353,4.4
2022-06-18 06:36:43.400000+00:00,35.7148333,-117.492,1.05
2022-06-18 06:23:50.700000+00:00,58.4158333333333,-154.848666666667,-0.2
2022-06-18 06:20:15.880000+00:00,33.588,-116.8051667,0.27
2022-06-18 06:14:53.030000+00:00,37.3405,-122.2278333,0.56
2022-06-18 06:13:36.290000+00:00,38.8181648,-122.7659988,0.34
2022-06-18 06:09:54.708000+00:00,38.149,-117.9754,1.1
2022-06-18 06:03:11.467000+00:00,62.2635,-148.425,1.9
2022-06-18 05:57:33+00:00,34.0278333,-118.996,1.91
2022-06-18 05:55:08.590000+00:00,19.1681671142578,-155.504333496094,2.05999994
2022-06-18 05:28:41.170000+00:00,38.8153343,-122.8219986,1.05
2022-06-18 05:25:57.063000+00:00,-20.5982,169.7407,5.4
2022-06-18 05:15:18.030000+00:00,38.1611,-118.1986,0.7
2022-06-18 05:13:52.810000+00:00,36.0985,-97.83833333,1.08
2022-06-18 05:13:40.923000+00:00,62.4537,-151.3333,1.4
2022-06-18 05:03:18.561000+00:00,30.1394,-113.6582,5.1
2022-06-18 05:00:48.534000+00:00,30.3693,-113.6349,4.8
2022-06-18 04:58:19.920000+00:00,33.6983333,-117.3696667,1.34
2022-06-18 04:51:29.933000+00:00,30.0892,-113.6961,5.2
2022-06-18 04:37:08.650000+00:00,36.1586667,-117.9323333,1.48
2022-06-18 04:36:38.443000+00:00,36.8424,-116.1253,0.3
2022-06-18 04:28:21.770000+00:00,37.634,-122.4616667,1.01
2022-06-18 04:26:19.490000+00:00,36.0353333,-117.7948333,1.11
2022-06-18 04:26:07.210000+00:00,35.6916667,-117.4796667,0.52
2022-06-18 04:08:49.649000+00:00,35.08,-95.51733333,1.22
2022-06-18 04:03:22.830000+00:00,34.4855,-117.9216667,0.99
2022-06-18 03:59:17.360000+00:00,19.1916675567627,-155.434173583984,1.85000002
2022-06-18 03:56:41.490000+00:00,35.09533333,-96.32083333,0.64
2022-06-18 03:16:36.649000+00:00,36.41066667,-96.88183333,-0.02
2022-06-18 03:12:59+00:00,62.0275,-144.142,0.21
2022-06-18 03:09:52.542000+00:00,62.2784,-150.9199,1.8
2022-06-18 02:57:31.408000+00:00,23.2455,121.4183,4.4
2022-06-18 02:55:12.010000+00:00,17.971,-66.8351666666667,2.5
2022-06-18 02:52:45.111000+00:00,38.2591,-118.3676,0.1
2022-06-18 02:52:27.170000+00:00,46.74016666666667,-121.619,1.37
2022-06-18 02:49:51.844000+00:00,-32.1497,-177.7086,5.2
2022-06-18 02:33:32.688000+00:00,61.9692,-149.7865,1.8
2022-06-18 02:20:01.880000+00:00,36.1541667,-89.4601667,1.66
2022-06-18 02:18:46.830000+00:00,53.8138333333333,-166.585166666667,0.72
2022-06-18 02:11:41.360000+00:00,39.213,-123.2728333,1.21
2022-06-18 02:07:37.190000+00:00,19.3556666666667,-67.0873333333333,3.4
2022-06-18 02:01:23.510000+00:00,36.85,-97.78133333,1.34
2022-06-18 01:37:26.186000+00:00,38.1627,-117.8263,1.5
2022-06-18 01:31:57.328000+00:00,38.1724,-117.8194,1.5
2022-06-18 01:31:28.360000+00:00,38.8408333,-122.7476667,0.43
2022-06-18 01:30:48.433000+00:00,38.1671,-117.8234,1.9
2022-06-18 01:07:34.850000+00:00,19.4825000762939,-155.581329345703,1.79
2022-06-18 01:05:29.640000+00:00,35.5251667,-117.3871667,1.59
2022-06-18 01:04:49.490000+00:00,19.1646671295166,-155.494995117188,2.98
2022-06-18 01:00:22.840000+00:00,19.1626663208008,-155.490005493164,2.28
2022-06-18 00:54:31.390000+00:00,44.3955,-111.0123333,0.79
2022-06-18 00:52:02.800000+00:00,19.1591663360596,-155.498001098633,1.99
2022-06-18 00:42:34.710000+00:00,37.6493333,-118.888,0.75
2022-06-18 00:42:25.680000+00:00,19.1181659698486,-155.432327270508,2.24000001
2022-06-18 00:41:51.480000+00:00,35.8678333,-117.68,1.95
2022-06-18 00:41:09.420000+00:00,33.5888333,-116.8041667,0.48
2022-06-18 00:16:57.193000+00:00,38.1579,-118.0011,1.5
2022-06-18 00:15:32.360000+00:00,17.9901666666667,-67.0963333333333,2.18
2022-06-18 00:14:14.140000+00:00,38.7915001,-122.7576675,0.47
2022-06-18 00:13:42.320000+00:00,33.9466667,-117.8076667,0.91
2022-06-18 00:04:54.340000+00:00,33.6883333,-116.7955,0.88
2022-06-18 00:04:39.949000+00:00,61.0009,-151.2323,1.2
2022-06-18 00:03:04.971000+00:00,26.6587,54.2424,4.1
2022-06-17 23:56:15.890000+00:00,36.485,-98.49983333,1.47
2022-06-17 23:47:52.230000+00:00,35.1083333,-119.0065,3.13
2022-06-17 23:46:51.830000+00:00,38.7639999,-122.7131653,0.71
2022-06-17 23:40:42.410000+00:00,46.19883333333333,-122.20166666666668,0.17
2022-06-17 23:32:39.085000+00:00,63.0516,-151.7389,2.0
2022-06-17 23:28:47.360000+00:00,17.938,-66.849,2.74
2022-06-17 23:28:23.680000+00:00,17.9303333333333,-66.846,2.11
2022-06-17 23:28:02.290000+00:00,36.45533333,-98.765,1.46
2022-06-17 23:27:03.190000+00:00,19.2121658325195,-155.415664672852,2.01999998
2022-06-17 23:20:57.429000+00:00,29.14581299,-97.73954504,2.7
2022-06-17 23:20:32.612000+00:00,63.3371,-150.6522,1.4
2022-06-17 23:18:59.810000+00:00,49.40166666666666,-121.3725,1.69
2022-06-17 23:18:37.124000+00:00,61.824,-154.1413,1.3
2022-06-17 23:15:02.359000+00:00,65.5648,-144.728,1.5
2022-06-17 23:12:50.830000+00:00,19.2006664276123,-155.43733215332,1.95000005
2022-06-17 23:10:47.135000+00:00,64.9878,-147.4829,1.2
2022-06-17 23:09:17+00:00,38.8011665,-122.8126678,0.49
2022-06-17 23:07:37.740000+00:00,38.7666664,-122.7139969,0.71
2022-06-17 23:04:22.810000+00:00,19.1976661682129,-155.436172485352,2.8
2022-06-17 22:55:29.740000+00:00,17.9213333333333,-66.8465,2.6
2022-06-17 22:53:25.117000+00:00,63.4348,-150.8887,1.4
2022-06-17 22:53:19.470000+00:00,19.9813,-64.895,3.78
2022-06-17 22:46:43.480000+00:00,38.8235016,-122.7971649,0.86
2022-06-17 22:40:15.630000+00:00,38.8240013,-122.7608337,0.53
2022-06-17 22:39:58.666000+00:00,36.223,-106.9803,2.8
2022-06-17 22:39:47.650000+00:00,38.8236667,-122.7616667,1.3
2022-06-17 22:39:42.690000+00:00,38.822,-122.761,1.62
2022-06-17 22:36:45.790000+00:00,19.1650009155273,-155.478164672852,2.01999998
2022-06-17 22:36:45.640000+00:00,37.179,-118.4911667,2.15
2022-06-17 22:22:58.627000+00:00,52.9373,159.9423,4.7
2022-06-17 22:12:28.001000+00:00,0.1508,96.5736,4.5
2022-06-17 22:10:03.820000+00:00,19.2223339080811,-155.38932800293,1.72000003
2022-06-17 22:07:38.401000+00:00,59.7436,-153.1218,1.6
2022-06-17 22:02:56.260000+00:00,32.3783333,-116.2795,1.25
2022-06-17 21:59:10.049000+00:00,63.2914,-151.3681,1.4
2022-06-17 21:52:01.867000+00:00,39.6291,-98.4599,2.5
2022-06-17 21:16:28.628000+00:00,53.3554,-165.8927,3.1
2022-06-17 21:14:58.650000+00:00,53.3615,-165.8909,2.7
2022-06-17 20:56:12.609000+00:00,35.85916667,-97.822,1.24
2022-06-17 20:44:22.010000+00:00,38.8326667,-122.8155,0.42
2022-06-17 20:43:56.500000+00:00,38.1278333,-122.121,1.6
2022-06-17 20:42:58.900000+00:00,34.6685,-119.5421667,0.89
2022-06-17 20:39:09.036000+00:00,38.1565,-117.9609,1.9
2022-06-17 20:36:09.169000+00:00,34.3745,-96.86083333,1.57
2022-06-17 20:32:02.275000+00:00,32.2431,141.6833,4.3
2022-06-17 20:30:53.360000+00:00,46.196,-122.18633333333334,0.52
2022-06-17 20:23:14.790000+00:00,59.9913333333333,-153.075166666667,-0.58
2022-06-17 20:14:50.770000+00:00,58.246,-155.145833333333,0.16
2022-06-17 20:14:14.160000+00:00,34.6648333,-119.5468333,1.18
2022-06-17 20:10:25.893000+00:00,64.4417,-147.891,1.4
2022-06-17 20:08:38.220000+00:00,36.9685,-121.6158333,0.89
2022-06-17 19:45:03.020000+00:00,38.7796669,-122.7275009,0.67
2022-06-17 19:32:49.720000+00:00,34.2411667,-116.7483333,0.92
2022-06-17 19:31:08.094000+00:00,64.5951,-149.4244,0.9
2022-06-17 19:28:19.190000+00:00,37.4588333,-118.7663333,1.6
2022-06-17 19:27:30.690000+00:00,34.1776667,-117.9238333,0.96
2022-06-17 19:21:39.350000+00:00,19.2043342590332,-155.410827636719,2.46
2022-06-17 19:20:13.075000+00:00,64.4652,-147.8989,3.3
2022-06-17 19:13:45.040000+00:00,17.922,-66.9386666666667,2.79
2022-06-17 19:11:56.597000+00:00,-5.5834,128.8774,4.7
2022-06-17 19:09:15.807000+00:00,31.61846709,-104.0928505,2.2
2022-06-17 19:07:07.190000+00:00,34.9943333,-118.1868333,1.29
2022-06-17 19:06:05.340000+00:00,46.002,-112.471,1.8
2022-06-17 18:59:33.180000+00:00,33.2373333,-116.6481667,0.87
2022-06-17 18:58:52.700000+00:00,19.2455005645752,-155.417663574219,1.83000004
2022-06-17 18:57:13.848000+00:00,-49.2177,120.7322,4.3
2022-06-17 18:55:50.670000+00:00,38.8246667,-122.7858333,0.18
2022-06-17 18:49:30.240000+00:00,19.234167098999,-155.38883972168,1.80999994
2022-06-17 18:43:38.560000+00:00,38.7913322,-122.7483368,0.21
2022-06-17 18:43:08.890000+00:00,38.8116684,-122.8063354,0.99
2022-06-17 18:41:26+00:00,46.22233333333333,-122.191,0.34
2022-06-17 18:25:02.653000+00:00,38.248,-118.3521,0.6
2022-06-17 18:24:44.860000+00:00,36.4215,-120.9616667,1.16
2022-06-17 18:21:16.249000+00:00,38.1697,-117.8301,1.6
2022-06-17 18:09:20.416000+00:00,-23.5236,-68.7374,4.3
2022-06-17 18:08:06.540000+00:00,37.3368333,-122.2048333,1.63
2022-06-17 18:04:50.296000+00:00,38.1669,-117.8252,1.0
2022-06-17 18:00:22.316000+00:00,38.2308,-118.334,0.3
2022-06-17 17:54:21.730000+00:00,17.9866666666667,-66.8138333333333,2.98
2022-06-17 17:35:06.020000+00:00,37.6428333,-118.904,1.23
2022-06-17 17:29:54.050000+00:00,17.9816666666667,-66.8175,3.22
2022-06-17 17:27:19.520000+00:00,33.2395,-116.6475,0.71
2022-06-17 17:25:01.170000+00:00,19.1931667327881,-155.483673095703,1.88999999
2022-06-17 17:20:42.210000+00:00,34.8488333,-118.783,1.49
2022-06-17 17:12:30.400000+00:00,19.2371673583984,-155.391830444336,2.04999995
2022-06-17 17:00:18.450000+00:00,47.6985,-123.588,1.38
2022-06-17 16:57:15.420000+00:00,36.0001667,-120.557,0.55
2022-06-17 16:56:33.610000+00:00,38.8166656,-122.7634964,0.85
2022-06-17 16:50:36.810000+00:00,38.7879982,-122.7501678,1.14
2022-06-17 16:48:05.781000+00:00,38.4067,-118.3711,0.2
2022-06-17 16:45:01.880000+00:00,-7.1598,129.3538,5.1
2022-06-17 16:38:58.590000+00:00,38.7970009,-122.7470016,0.37
2022-06-17 16:37:03.040000+00:00,58.563,-154.634833333333,-0.21
2022-06-17 16:29:21.800000+00:00,31.9926667,-116.1778333,1.86
2022-06-17 16:25:07.310000+00:00,53.8938333333333,-166.892833333333,0.12
2022-06-17 16:02:17.530000+00:00,33.5331667,-116.4495,0.51
2022-06-17 16:02:01.380000+00:00,66.4906,-147.0213,1.1
2022-06-17 15:58:54.277000+00:00,-10.6062,116.0066,4.4
2022-06-17 15:53:51.970000+00:00,38.8216667,-122.7634964,0.95
2022-06-17 15:51:28.800000+00:00,19.4091663360596,-155.260162353516,1.92999995
2022-06-17 15:42:49.020000+00:00,35.7275,-117.6858333,0.44
2022-06-17 15:30:28.284000+00:00,53.3446,-165.0745,2.0
2022-06-17 15:25:37.390000+00:00,46.74466666666667,-121.62283333333332,0.5700000000000001
2022-06-17 15:24:23.460000+00:00,36.1363333,-117.909,1.19
2022-06-17 15:22:47.590000+00:00,38.7975006,-122.7525024,0.86
2022-06-17 15:18:58.460000+00:00,19.1889991760254,-155.489166259766,2.28
2022-06-17 15:16:51.450000+00:00,58.4218333333333,-154.845166666667,-0.37
2022-06-17 15:11:14.530000+00:00,51.7355,-177.187833333333,0.57
2022-06-17 15:07:40.196000+00:00,64.0594,-151.5926,1.6
2022-06-17 15:05:08.580000+00:00,34.34,-116.8965,1.02
2022-06-17 14:57:21.300000+00:00,36.0001667,-120.5615,1.09
2022-06-17 14:56:06.940000+00:00,37.6383333,-118.8891667,1.91
2022-06-17 14:43:26.220000+00:00,33.5931667,-116.8008333,0.55
2022-06-17 14:41:39.900000+00:00,38.8253326,-122.8554993,0.37
2022-06-17 14:38:46.624000+00:00,38.1754,-117.8194,1.1
2022-06-17 14:35:38.204000+00:00,37.6012,141.6834,4.9
2022-06-17 14:31:08.339000+00:00,60.774,-151.4732,2.3
2022-06-17 14:28:08.910000+00:00,19.2391662597656,-155.385162353516,1.74000001
2022-06-17 14:25:59.580000+00:00,33.5898333,-116.8046667,0.7
2022-06-17 14:19:12.810000+00:00,38.7961655,-122.7490005,1.09
2022-06-17 14:18:52.300000+00:00,33.6905,-116.7205,0.87
2022-06-17 14:17:58.690000+00:00,62.8423,-149.3922,1.2
2022-06-17 14:17:05.710000+00:00,35.8121667,-117.6698333,0.98
2022-06-17 14:10:34.632000+00:00,60.1363,-152.9259,1.5
2022-06-17 14:08:42.510000+00:00,34.0103333,-117.2143333,0.99
2022-06-17 14:00:52.470000+00:00,45.8391667,-111.3803333,1.03
2022-06-17 14:00:20.492000+00:00,61.5739,-151.8394,1.6
2022-06-17 13:08:38.165000+00:00,26.6148,54.1741,4.3
2022-06-17 13:07:47.812000+00:00,38.1656,-117.8927,0.9
2022-06-17 13:01:15.903000+00:00,61.4698,-146.3536,1.0
2022-06-17 12:54:51.400000+00:00,32.6953333,-115.4466667,1.56
2022-06-17 12:47:42.570000+00:00,37.3341667,-122.2041667,0.58
2022-06-17 12:44:01.310000+00:00,58.4093333333333,-154.827833333333,-0.03
2022-06-17 12:37:22.870000+00:00,36.8061667,-121.377,1.02
2022-06-17 12:37:20.030000+00:00,37.3368333,-122.203,0.31
2022-06-17 12:29:11.991000+00:00,44.4434,-129.8669,3.9
2022-06-17 12:28:30.060000+00:00,46.09183333333333,-122.12,0.58
2022-06-17 12:27:37.390000+00:00,60.0063333333333,-153.095666666667,-0.86
2022-06-17 12:25:15.026000+00:00,36.3669,71.1136,4.8
2022-06-17 12:24:11.785000+00:00,31.73223214,-104.5559425,3.2
2022-06-17 12:16:40.820000+00:00,33.3813333,-116.8653333,0.33
2022-06-17 12:14:23.990000+00:00,33.3126667,-116.9116667,0.44
2022-06-17 12:14:04.570000+00:00,33.31,-116.915,0.91
2022-06-17 12:10:36.054000+00:00,-6.9888,155.7287,4.8
2022-06-17 12:10:21.790000+00:00,17.9585,-66.9275,2.39
2022-06-17 12:08:15.270000+00:00,33.3108333,-116.913,0.54
2022-06-17 11:59:53.080000+00:00,34.4871667,-118.9643333,1.32
2022-06-17 11:58:13.442000+00:00,38.1771,-117.8158,0.9
2022-06-17 11:57:50.340000+00:00,35.9506667,-117.6866667,0.76
2022-06-17 11:51:52.490000+00:00,40.3241667,-124.6636667,2.31
2022-06-17 11:23:11.540000+00:00,19.4931666666667,-155.4545,2.11
2022-06-17 11:16:45.210000+00:00,19.5041675567627,-155.462493896484,1.97
2022-06-17 11:13:44.710000+00:00,38.8356667,-122.8013333,0.45
2022-06-17 11:11:20.210000+00:00,19.5263328552246,-155.467498779297,2.14
2022-06-17 11:10:06.610000+00:00,33.0486667,-116.4375,0.67
2022-06-17 11:08:28.530000+00:00,19.2215003967285,-155.406661987305,2.35
2022-06-17 11:08:02.460000+00:00,37.3356667,-122.2023333,2.48
2022-06-17 10:55:32.630000+00:00,38.8318329,-122.8138351,0.97
2022-06-17 10:51:33.970000+00:00,39.1698,-119.6265,0.6
2022-06-17 10:48:11.840000+00:00,18.4721,-62.9843,5.1
2022-06-17 10:45:33.740000+00:00,33.636,-116.7498333,0.58
2022-06-17 10:42:24.592000+00:00,61.827,-147.9815,1.0
2022-06-17 10:41:44.753000+00:00,37.1815,-117.4064,0.5
2022-06-17 10:41:01.800000+00:00,33.142,-116.6406667,0.17
2022-06-17 10:22:07.370000+00:00,33.1721667,-116.1133333,0.79
2022-06-17 10:15:54.506000+00:00,64.5854,-147.0584,1.0
2022-06-17 10:14:01.326000+00:00,60.2614,-141.2391,1.9
2022-06-17 10:03:41.791000+00:00,61.2914,-150.499,1.4
2022-06-17 10:01:26.308000+00:00,61.6458,-149.9557,1.1
2022-06-17 09:53:55.060000+00:00,19.2516666666667,-155.111,2.73
2022-06-17 09:50:02.310000+00:00,33.8823333,-116.848,0.85
2022-06-17 09:39:02.894000+00:00,62.251,-149.5758,2.4
2022-06-17 09:31:47.180000+00:00,35.8008333,-117.6165,1.18
2022-06-17 09:29:18.617000+00:00,61.8208,-148.5705,0.6
2022-06-17 09:26:17.520000+00:00,35.878,-117.6828333,0.97
2022-06-17 09:22:58.764000+00:00,36.5281,71.1761,5.1
2022-06-17 09:19:37.620000+00:00,38.8334999,-122.8003311,0.85
2022-06-17 09:16:56.270000+00:00,38.8240013,-122.7955017,0.75
2022-06-17 09:15:50.930000+00:00,51.8623333333333,-177.853833333333,1.14
2022-06-17 09:11:58.732000+00:00,-21.4831,-176.5989,4.7
2022-06-17 09:10:57.100000+00:00,17.9475,-66.9676666666667,2.04
2022-06-17 09:10:01.980000+00:00,33.4376667,-116.6355,0.16
2022-06-17 09:04:03.600000+00:00,38.8,-122.756,0.24
2022-06-17 09:00:23.430000+00:00,35.8271667,-117.6641667,0.61
2022-06-17 08:35:30.471000+00:00,58.2908,-151.8304,2.8
2022-06-17 08:30:25.586000+00:00,63.1189,-151.3462,1.2
2022-06-17 08:29:43.180000+00:00,33.5863333,-116.8073333,0.33
2022-06-17 08:19:43.530000+00:00,51.9248333333333,-177.070666666667,0.3
2022-06-17 08:12:31.090000+00:00,36.2298333,-117.746,0.86
2022-06-17 08:11:32.270000+00:00,54.764,-164.093333333333,1.43
2022-06-17 08:07:37.890000+00:00,38.840332,-122.8098297,0.85
2022-06-17 08:01:59.670000+00:00,36.093,-117.6888333,1.86
2022-06-17 07:57:08.980000+00:00,51.9263333333333,-177.085166666667,0.44
2022-06-17 07:52:23.030000+00:00,16.7872,-61.0823,4.4
2022-06-17 07:48:48.440000+00:00,38.8263333,-122.8111667,0.52
2022-06-17 07:48:29.433000+00:00,31.67720399,-104.4772932,2.6
2022-06-17 07:46:34.440000+00:00,36.4555,-117.5453333,1.8
2022-06-17 07:45:53.130000+00:00,38.8263333,-122.7628333,0.49
2022-06-17 07:45:28.820000+00:00,33.731,-116.7666667,0.81
2022-06-17 07:44:15.781000+00:00,38.1763,-117.8141,2.0
2022-06-17 07:37:41.637000+00:00,62.5493,-151.0922,1.4
2022-06-17 07:36:22+00:00,38.1547,-117.9398,1.2
2022-06-17 07:34:03.150000+00:00,38.824501,-122.807663,1.08
2022-06-17 07:29:53.500000+00:00,33.4836667,-116.4643333,0.45
2022-06-17 07:28:54.230000+00:00,38.8361664,-122.7949982,0.85
2022-06-17 07:26:40.460000+00:00,38.7968333,-122.7478333,0.05
2022-06-17 07:26:25.298000+00:00,8.6795,-83.3281,4.7
2022-06-17 07:24:45.118000+00:00,38.5175,-118.2813,0.1
2022-06-17 07:15:07.050000+00:00,33.6696667,-116.7756667,0.47
2022-06-17 07:13:45.890000+00:00,20.0063333333333,-155.105166666667,2.37
2022-06-17 07:10:10.520000+00:00,51.9285,-177.091,0.93
2022-06-17 07:04:06.435000+00:00,65.9481,-146.2739,1.6
2022-06-17 06:56:31.390000+00:00,33.444,-116.637,0.25
2022-06-17 06:55:14.180000+00:00,17.991,-66.8668333333333,2.24
2022-06-17 06:38:16.450000+00:00,35.9765,-117.8888333,0.65
2022-06-17 06:37:56.820000+00:00,35.9718333,-117.889,0.18
2022-06-17 06:36:15.010000+00:00,35.976,-117.8878333,1.94
2022-06-17 06:28:50.110000+00:00,51.9261666666667,-177.0745,0.28
2022-06-17 06:28:43.030000+00:00,38.8266667,-122.8051667,0.43
2022-06-17 06:28:37.740000+00:00,17.9108333333333,-66.8491666666667,2.23
2022-06-17 06:28:09.430000+00:00,51.9306666666667,-177.088333333333,0.2
2022-06-17 06:09:30.890000+00:00,33.5518333,-82.3233333,2.16
2022-06-17 06:08:57.380000+00:00,44.8,-110.8023333,0.42
2022-06-17 06:02:46.290000+00:00,17.9411666666667,-66.8501666666667,2.27
2022-06-17 05:59:15.700000+00:00,51.9301666666667,-177.081166666667,0.87
2022-06-17 05:58:24.390000+00:00,51.868,-177.863833333333,1.0
2022-06-17 05:51:39.430000+00:00,51.9215,-177.066166666667,0.38
2022-06-17 05:43:35.719000+00:00,64.4604,-147.4313,1.1
2022-06-17 05:39:38.230000+00:00,37.6375,-118.8845,2.07
2022-06-17 05:24:51.440000+00:00,45.33833333333333,-121.67033333333332,0.63
2022-06-17 05:23:19.240000+00:00,19.1928329467773,-155.489166259766,1.86000001
2022-06-17 05:21:38.810000+00:00,35.975,-117.8883333,2.13
2022-06-17 05:20:39.750000+00:00,18.0203333333333,-66.8448333333333,2.27
2022-06-17 05:20:06.950000+00:00,51.9098333333333,-177.079166666667,0.6
2022-06-17 05:18:07.520000+00:00,33.5901667,-116.8036667,0.1
2022-06-17 05:15:41.410000+00:00,34.6846667,-116.3126667,1.51
2022-06-17 05:09:21.400000+00:00,38.8786667,-109.3073333,1.6
2022-06-17 05:06:54.930000+00:00,35.898,-117.6975,0.86
2022-06-17 05:05:12.538000+00:00,64.5972,-149.3769,1.3
2022-06-17 04:59:58.630000+00:00,38.7903333,-122.768,0.13
2022-06-17 04:44:28.030000+00:00,32.6043333,-115.5278333,1.5
2022-06-17 04:36:17.801000+00:00,12.4384,-87.0763,4.4
2022-06-17 04:33:59.890000+00:00,36.0225,-117.8876667,1.87
2022-06-17 04:30:19.580000+00:00,40.2251667,-122.0888333,2.45
2022-06-17 04:17:32.310000+00:00,60.4726666666667,-152.7395,-0.71
2022-06-17 04:09:34.060000+00:00,53.8443333333333,-166.296166666667,2.29
2022-06-17 04:03:55.933000+00:00,60.064,-151.4414,1.1
2022-06-17 04:02:12.010000+00:00,61.1714,-150.5836,2.0
2022-06-17 03:50:49.320000+00:00,33.3523333,-116.3495,0.67
2022-06-17 03:37:36.210000+00:00,33.5995,-116.8005,0.3
2022-06-17 03:22:32.705000+00:00,38.1766,-117.8163,0.8
2022-06-17 03:18:47.308000+00:00,38.2519,-118.3627,1.5
2022-06-17 03:14:28.089000+00:00,38.7041,-119.7874,1.0
2022-06-17 03:14:05.180000+00:00,17.9591666666667,-66.8271666666667,2.36
2022-06-17 03:06:28.441000+00:00,61.983,-148.7359,1.4
2022-06-17 02:53:10.132000+00:00,62.282,-150.1592,1.2
2022-06-17 02:52:42.162000+00:00,32.3034668,-101.7944931,2.1
2022-06-17 02:52:30.120000+00:00,18.2475,-66.1676666666667,1.99
2022-06-17 02:52:11.390000+00:00,36.396,-98.75116667,1.27
2022-06-17 02:52:08.896000+00:00,38.1724,-117.8231,1.0
2022-06-17 02:50:53.866000+00:00,-16.6607,-71.1299,4.3
2022-06-17 02:50:26.030000+00:00,38.8195,-122.7691667,0.36
2022-06-17 02:45:50.720000+00:00,47.10933333333333,-121.889,0.72
2022-06-17 02:41:12.650000+00:00,36.228,-120.3681667,1.55
2022-06-17 02:24:36.970000+00:00,34.0125,-116.821,0.52
2022-06-17 02:20:23.010000+00:00,36.0393333,-119.8495,1.75
2022-06-17 02:11:58.455000+00:00,38.1727,-117.8163,1.5
2022-06-17 02:11:33.950000+00:00,36.3,-89.4746667,1.83
2022-06-17 02:09:41.180000+00:00,14.6027,-92.2195,4.0
2022-06-17 02:04:35.376000+00:00,38.1741,-117.8342,1.5
2022-06-17 02:01:41.190000+00:00,19.1331672668457,-155.489837646484,1.99000001
2022-06-17 02:01:12.890000+00:00,44.351,-115.2466667,2.21
2022-06-17 01:51:56.010000+00:00,19.1738338470459,-155.468673706055,2.0
2022-06-17 01:51:36.130000+00:00,38.8136673,-122.8160019,0.84
2022-06-17 01:49:26+00:00,19.1721668243408,-155.464172363281,2.08
2022-06-17 01:48:37.164000+00:00,32.39776611,-101.6433641,2.5
2022-06-17 01:47:13.110000+00:00,17.9635,-66.9703333333333,1.89
2022-06-17 01:45:40.710000+00:00,33.4888333,-116.4716667,0.86
2022-06-17 01:43:50.140000+00:00,17.9668333333333,-67.0061666666667,1.48
2022-06-17 01:42:15.670000+00:00,37.5831667,-118.8335,-0.07
2022-06-17 01:38:26.241000+00:00,38.1751,-117.8169,2.1
2022-06-17 01:38:13.440000+00:00,18.0081666666667,-66.9925,2.01
2022-06-17 01:31:56.328000+00:00,40.0999,-119.4713,0.4
2022-06-17 01:27:53.320000+00:00,55.0396666666667,-162.768833333333,1.13
2022-06-17 01:26:00.430000+00:00,19.199499130249,-155.410827636719,2.94
2022-06-17 01:17:07.450000+00:00,58.1723333333333,-155.3275,0.1
2022-06-17 01:05:04.130000+00:00,38.8361664,-122.7916641,0.85
2022-06-17 01:04:27.680000+00:00,17.9506666666667,-66.9846666666667,1.98
2022-06-17 01:03:34.110000+00:00,17.8726666666667,-66.8435,2.81
2022-06-17 00:58:34.170000+00:00,17.9798333333333,-66.8108333333333,2.56
2022-06-17 00:51:48.840000+00:00,33.5135,-116.4175,-0.14
2022-06-17 00:46:30.867000+00:00,62.7247,-149.7107,1.0
2022-06-17 00:44:20.180000+00:00,35.8763333,-117.7191667,0.83
2022-06-17 00:38:23.640000+00:00,58.375,-154.963833333333,-0.08
2022-06-17 00:38:19.230000+00:00,46.20066666666666,-122.19116666666666,0.04
2022-06-17 00:24:56.340000+00:00,46.805,-121.91166666666666,-0.12
2022-06-17 00:20:27.480000+00:00,32.7045,-116.631,0.77
2022-06-17 00:19:50.080000+00:00,37.828,-120.0018333,1.93
2022-06-17 00:15:47.090000+00:00,17.9893333333333,-66.9735,2.1
2022-06-16 23:59:53.600000+00:00,37.4083333,-118.5943333,1.03
2022-06-16 23:56:26.780000+00:00,37.4108333,-118.5875,2.89
2022-06-16 23:48:06.248000+00:00,26.6563,54.2191,4.2
2022-06-16 23:42:32.070000+00:00,46.9695,-121.89616666666667,0.52
2022-06-16 23:38:37.090000+00:00,46.20033333333333,-122.1915,0.05
2022-06-16 23:38:12.220000+00:00,17.9068333333333,-66.927,2.52
2022-06-16 23:32:16.180000+00:00,35.8748333,-117.7185,0.95
2022-06-16 23:23:31.006000+00:00,61.243,-150.2212,1.7
2022-06-16 23:22:01.860000+00:00,44.3986667,-110.6025,1.41
2022-06-16 23:18:25.480000+00:00,44.396,-110.6403333,1.65
2022-06-16 23:11:11.300000+00:00,19.2264995574951,-155.404663085938,1.83000004
2022-06-16 23:08:46.230000+00:00,36.1918335,-120.3193359,1.8
2022-06-16 23:01:35.087000+00:00,63.3029,-149.0749,1.4
2022-06-16 22:58:05.017000+00:00,43.893,-128.9723,3.2
2022-06-16 22:49:26.862000+00:00,29.0322876,-97.83467371,2.0
2022-06-16 22:45:07.824000+00:00,18.4564,-81.7189,4.3
2022-06-16 22:39:54.060000+00:00,33.0533333,-116.3535,0.8
2022-06-16 22:02:30.865000+00:00,-27.9823,-66.9769,4.2
2022-06-16 21:58:21.260000+00:00,33.6843333,-116.7878333,0.44
2022-06-16 21:56:48.920000+00:00,19.1599998474121,-155.468338012695,2.19000006
2022-06-16 21:56:39.700000+00:00,19.1438331604004,-155.470840454102,2.08
2022-06-16 21:47:11.422000+00:00,60.3113,-153.1541,0.9
2022-06-16 21:46:48.060000+00:00,38.7733333,-122.7386667,0.05
2022-06-16 21:44:53.842000+00:00,60.3293,-140.9933,1.8
2022-06-16 21:43:07.954000+00:00,67.8628,-158.4988,2.6
2022-06-16 21:39:29.627000+00:00,56.1812,-148.5827,3.0
2022-06-16 21:36:42.310000+00:00,17.9888333333333,-66.9951666666667,2.76
2022-06-16 21:35:02.060000+00:00,39.4406667,-110.3395,1.05
2022-06-16 21:31:59.010000+00:00,57.8511,-153.5246,1.2
2022-06-16 21:24:50.520000+00:00,17.965,-66.9281666666667,2.2
2022-06-16 21:12:52.920000+00:00,43.67966666666667,-121.33716666666666,0.99
2022-06-16 21:04:38.790000+00:00,19.232666015625,-155.395004272461,2.1
2022-06-16 20:54:27.795000+00:00,65.1728,-152.6803,1.0
2022-06-16 20:51:50.890000+00:00,19.2498340606689,-155.378326416016,2.04
2022-06-16 20:51:50.287000+00:00,61.7921,-149.9862,1.7
2022-06-16 20:45:53.980000+00:00,32.61,-115.5236667,2.4
2022-06-16 20:40:20.730000+00:00,32.6085,-115.5235,1.95
2022-06-16 20:38:07.970000+00:00,46.858,-121.9335,0.55
2022-06-16 20:36:39.460000+00:00,35.3013333,-118.56,1.72
2022-06-16 20:35:57.740000+00:00,63.3503,-151.1603,1.3
2022-06-16 20:27:54.394000+00:00,61.3636,-150.5593,2.9
2022-06-16 20:27:43.210000+00:00,18.0463333333333,-66.7748333333333,2.44
2022-06-16 20:22:40.670000+00:00,38.8216667,-122.7981644,0.65
2022-06-16 20:13:39.013000+00:00,18.5013,-81.7153,4.4
2022-06-16 20:01:24.174000+00:00,38.1742,-117.816,0.6
2022-06-16 20:00:27.094000+00:00,63.2221,-149.5884,1.2
2022-06-16 19:56:32.200000+00:00,38.7878342,-122.7641678,0.45
2022-06-16 19:56:07.917000+00:00,32.39227295,-101.6433641,3.6
2022-06-16 19:47:02.770000+00:00,46.201166666666666,-122.20016666666666,0.17
2022-06-16 19:39:12.840000+00:00,32.38494873,-101.611209,2.7
2022-06-16 19:30:34.028000+00:00,61.7724,-150.685,1.1
2022-06-16 19:30:05.890000+00:00,18.8903,-64.4815,3.67
2022-06-16 19:26:07.685000+00:00,31.65211492,-104.2208636,2.1
2022-06-16 19:22:10.390000+00:00,38.1738,-117.8149,1.8
2022-06-16 19:19:10.810000+00:00,38.8273315,-122.8044968,0.65
2022-06-16 19:19:06.889000+00:00,42.5479,87.9476,4.9
2022-06-16 19:15:30.877000+00:00,18.5242,-81.7779,4.3
2022-06-16 19:11:38.730000+00:00,35.9448333,-117.6981667,0.2
2022-06-16 19:04:33.994000+00:00,-7.4711,128.4276,4.4
2022-06-16 19:01:06.391000+00:00,18.4932,-81.7228,4.4
2022-06-16 19:00:30.490000+00:00,33.8228333,-117.481,1.85
2022-06-16 18:53:53.345000+00:00,38.1716,-117.8224,1.4
2022-06-16 18:45:29.110000+00:00,35.8691667,-117.6695,0.16
2022-06-16 18:45:05.550000+00:00,35.916,-117.6891667,0.17
2022-06-16 18:43:45.370000+00:00,49.15166666666666,-122.12233333333332,1.26
2022-06-16 18:41:58.193000+00:00,-13.1743,167.2537,4.3
2022-06-16 18:37:51.490000+00:00,38.1722,-117.817,1.1
2022-06-16 18:36:22.160000+00:00,40.7381667,-122.3038333,1.63
2022-06-16 18:35:41.920000+00:00,39.434,-110.3143333,1.45
2022-06-16 18:29:21.030000+00:00,18.4225,-81.747,5.0
2022-06-16 18:22:24.760000+00:00,33.6541667,-116.69,0.52
2022-06-16 18:19:33.100000+00:00,47.7533333,-113.8361667,0.22
2022-06-16 18:13:34+00:00,17.9718333333333,-68.6095,3.59
2022-06-16 18:12:03.390000+00:00,38.8088341,-122.8134995,0.49
2022-06-16 18:04:23.030000+00:00,37.2108333,-121.5466667,0.76
2022-06-16 18:00:53.214000+00:00,56.2127,-151.9817,2.1
2022-06-16 17:58:34.410000+00:00,35.1836667,-118.988,3.09
2022-06-16 17:57:28.769000+00:00,62.5205,-151.3137,1.3
2022-06-16 17:57:12.230000+00:00,38.3166667,-112.7898333,1.38
2022-06-16 17:57:03+00:00,53.8421666666667,-166.462,0.66
2022-06-16 17:51:16.280000+00:00,38.7804985,-122.7173309,0.67
2022-06-16 17:45:59.598000+00:00,38.1721,-117.8199,1.9
2022-06-16 17:44:52.524000+00:00,38.1726,-117.8196,1.8
2022-06-16 17:44:09.540000+00:00,33.184,-116.0245,0.83
2022-06-16 17:34:55.520000+00:00,33.489,-116.4763333,1.76
2022-06-16 17:34:42.810000+00:00,33.491,-116.4661667,0.59
2022-06-16 17:28:57.920000+00:00,44.755,-110.7778333,0.86
2022-06-16 17:27:21.420000+00:00,33.4298333,-116.9153333,0.47
2022-06-16 17:23:58.030000+00:00,38.8266678,-122.8040009,0.35
2022-06-16 17:23:37.020000+00:00,38.8256667,-122.8048333,0.41
2022-06-16 17:22:46+00:00,38.8256683,-122.8043365,0.89
2022-06-16 17:11:51.010000+00:00,38.8253333,-122.8036667,1.52
2022-06-16 17:07:39.950000+00:00,37.4706667,-118.6708333,1.04
2022-06-16 17:02:19.088000+00:00,63.3123,-145.4148,1.2
2022-06-16 16:55:23.108000+00:00,38.1723,-117.8226,3.9
2022-06-16 16:27:02.830000+00:00,33.3468333,-116.9473333,0.99
2022-06-16 16:26:24.087000+00:00,33.258,142.1175,4.4
2022-06-16 16:23:29.490000+00:00,17.9173333333333,-66.9286666666667,2.29
2022-06-16 16:21:30.302000+00:00,62.6097,-151.7684,1.2
2022-06-16 16:18:32.400000+00:00,38.7621667,-122.7298333,0.02
2022-06-16 16:03:26.280000+00:00,36.0443333,-120.6205,0.51
2022-06-16 15:59:10.390000+00:00,33.9261667,-116.7968333,0.63
2022-06-16 15:58:06.100000+00:00,37.668,-119.4301667,2.5
2022-06-16 15:51:26.119000+00:00,33.949,134.571,4.9
2022-06-16 15:48:51.630000+00:00,35.6221667,-117.5906667,0.25
2022-06-16 15:43:30.486000+00:00,60.5246,-152.5302,1.1
2022-06-16 15:41:53.766000+00:00,63.88,-152.9048,0.9
2022-06-16 15:20:07.116000+00:00,61.5775,-153.8606,1.4
2022-06-16 15:17:44.240000+00:00,36.0401667,-117.777,1.42
2022-06-16 15:09:01.942000+00:00,29.28131104,-97.44381893,2.9
2022-06-16 15:06:43.730000+00:00,19.2458324432373,-155.401992797852,1.75999999
2022-06-16 15:06:02.580000+00:00,38.8300018,-122.8193359,1.09
2022-06-16 14:50:21.208000+00:00,61.5503,-146.342,1.3
2022-06-16 14:50:08.429000+00:00,63.0104,-150.6492,1.5
2022-06-16 14:48:44.860000+00:00,34.2593333,-118.496,1.56
2022-06-16 14:47:54.480000+00:00,35.5583333,-117.497,-0.22
2022-06-16 14:46:57.060000+00:00,33.993,-117.2191667,0.71
2022-06-16 14:29:26.020000+00:00,58.2903333333333,-154.968333333333,-0.53
2022-06-16 14:27:26.680000+00:00,33.4926667,-116.519,0.2
2022-06-16 14:25:53.660000+00:00,33.9963333,-117.2156667,0.76
2022-06-16 14:23:52.630000+00:00,33.995,-117.2176667,1.63
2022-06-16 14:15:29.830000+00:00,47.36983333333333,-120.44933333333331,1.06
2022-06-16 14:15:05.950000+00:00,35.7733333,-117.5693333,0.96
2022-06-16 14:15:03.210000+00:00,17.8888333333333,-66.849,2.19
2022-06-16 14:01:54.092000+00:00,59.5732,-152.9603,1.4
2022-06-16 14:01:01.480000+00:00,33.8223333,-116.1961667,0.58
2022-06-16 14:00:11.610000+00:00,19.2574996948242,-155.406661987305,2.22
2022-06-16 13:46:03.430000+00:00,36.3366667,-120.9138333,1.67
2022-06-16 13:44:38.541000+00:00,62.6235,-156.5665,1.5
2022-06-16 13:37:18.860000+00:00,44.3706667,-115.2226667,2.58
2022-06-16 13:37:16.030000+00:00,58.2061666666667,-155.259,0.73
2022-06-16 13:36:53.210000+00:00,34.1385,-116.7273333,0.71
2022-06-16 13:33:47.538000+00:00,61.7276,-150.4645,1.9
2022-06-16 13:18:30.990000+00:00,38.3961667,-112.2015,0.83
2022-06-16 13:09:07.090000+00:00,37.4985,-118.8431667,1.35
2022-06-16 13:03:23.081000+00:00,31.68610058,-104.4200413,2.3
2022-06-16 12:53:10.023000+00:00,64.7381,-148.4587,1.2
2022-06-16 12:47:59.933000+00:00,38.4675,-119.5585,0.9
2022-06-16 12:41:11.770000+00:00,38.8273333,-122.7973333,0.89
2022-06-16 12:38:15.190000+00:00,37.356,-121.3411667,1.1
2022-06-16 12:34:56.313000+00:00,62.9689,-150.4094,2.7
2022-06-16 12:25:19.850000+00:00,38.8293343,-122.7973328,0.85
2022-06-16 12:21:55.100000+00:00,36.01,-120.5683333,0.58
2022-06-16 12:14:33.470000+00:00,38.58,-88.0093333,2.54
2022-06-16 12:13:08.130000+00:00,33.4293333,-116.6846667,1.33
2022-06-16 12:09:03.310000+00:00,35.7111667,-117.5056667,1.31
2022-06-16 12:07:31.674000+00:00,38.5698,-119.4579,0.9
2022-06-16 11:57:47.200000+00:00,38.825,-122.8035,1.47
2022-06-16 11:57:24.220000+00:00,38.7906667,-122.8081667,0.23
2022-06-16 11:49:50.393000+00:00,60.8928,-150.9085,1.2
2022-06-16 11:49:32.676000+00:00,38.1484,-118.2132,1.1
2022-06-16 11:48:24.530000+00:00,38.8393326,-122.8079987,0.36
2022-06-16 11:47:54.240000+00:00,33.0413333,-115.6145,1.82
2022-06-16 11:39:43.145000+00:00,31.68055343,-104.4248354,2.9
2022-06-16 11:28:10.770000+00:00,18.0685,-67.037,2.12
2022-06-16 11:25:08.150000+00:00,34.0381667,-117.2411667,0.74
2022-06-16 11:22:50.200000+00:00,33.9948333,-117.217,1.01
2022-06-16 11:19:54.860000+00:00,39.355,-123.2626667,1.7
2022-06-16 11:15:02.910000+00:00,33.2923333,-116.098,1.28
2022-06-16 11:04:05.919000+00:00,38.1165,-118.2389,0.7
2022-06-16 10:53:05.211000+00:00,61.6085,-146.3423,1.4
2022-06-16 10:50:21.400000+00:00,48.2115,-122.32983333333334,1.03
2022-06-16 10:38:10.890000+00:00,33.5358333,-116.7131667,0.18
2022-06-16 10:33:40.520000+00:00,45.6496667,-111.8171667,0.22
2022-06-16 10:29:56.933000+00:00,64.8064,-149.1566,0.9
2022-06-16 10:26:24.944000+00:00,63.2048,-150.4874,1.5
2022-06-16 10:23:02.950000+00:00,46.20133333333333,-122.18816666666666,0.27
2022-06-16 10:20:07.200000+00:00,35.9766667,-117.8841667,1.37
2022-06-16 10:13:38.110000+00:00,35.6208333,-117.4626667,1.4
2022-06-16 10:10:51.470000+00:00,34.0506667,-118.2263333,0.98
2022-06-16 10:10:29.837000+00:00,63.1855,-150.9265,1.3
2022-06-16 10:04:36.580000+00:00,34.0503333,-118.2321667,1.05
2022-06-16 09:59:56.730000+00:00,33.0481667,-116.3478333,1.0
2022-06-16 09:57:57.094000+00:00,61.6318,-149.5379,1.5
2022-06-16 09:55:35.730000+00:00,52.057,178.3695,1.55
2022-06-16 09:55:03.140000+00:00,38.8206673,-122.8083344,0.71
2022-06-16 09:48:25.520000+00:00,46.21516666666667,-122.18683333333334,0.0
2022-06-16 09:36:07.930000+00:00,46.20183333333333,-122.2,0.55
2022-06-16 09:33:23.710000+00:00,37.4041667,-121.5365,0.7
2022-06-16 09:27:28.599000+00:00,36.8622,-115.9299,-0.3
2022-06-16 09:24:48.930000+00:00,38.8223343,-122.765831,1.0
2022-06-16 09:21:40.540000+00:00,38.8268318,-122.7994995,0.84
2022-06-16 09:21:26.640000+00:00,38.7514992,-122.7093353,1.14
2022-06-16 09:20:16.890000+00:00,38.8279991,-122.7996674,0.35
2022-06-16 09:15:06.480000+00:00,0.0184,123.3554,4.8
2022-06-16 09:12:00.444000+00:00,38.0161,-115.2288,1.5
2022-06-16 09:03:55.500000+00:00,38.8256667,-122.7965,0.41
2022-06-16 09:01:40.610000+00:00,38.828167,-122.7993317,0.85
2022-06-16 08:59:48.650000+00:00,38.8283348,-122.7981644,0.85
2022-06-16 08:58:13.980000+00:00,35.6905,-117.5181667,0.81
2022-06-16 08:54:37.710000+00:00,38.8289986,-122.8014984,0.85
2022-06-16 08:53:19.500000+00:00,60.0203333333333,-153.142333333333,-0.16
2022-06-16 08:50:39.770000+00:00,38.8274994,-122.7976685,1.07
2022-06-16 08:50:22.040000+00:00,37.5386667,-118.8676667,0.75
2022-06-16 08:49:44.860000+00:00,38.8226662,-122.7935028,0.39
2022-06-16 08:48:56.620000+00:00,38.8281667,-122.7983333,2.64
2022-06-16 08:47:45.450000+00:00,35.9881667,-117.4056667,1.29
2022-06-16 08:40:29.388000+00:00,31.62130883,-104.1270306,1.6
2022-06-16 08:29:32.929000+00:00,36.3675,-97.36166667,1.07
2022-06-16 08:22:35.440000+00:00,33.9093333,-116.7565,0.71
2022-06-16 08:21:40.330000+00:00,17.9133333333333,-66.8603333333333,2.21
2022-06-16 08:03:50.870000+00:00,41.9676667,-112.4178333,0.12
2022-06-16 08:01:32.130000+00:00,58.1995,-155.253666666667,0.54
2022-06-16 07:47:23.960000+00:00,17.9075,-66.7738333333333,2.38
2022-06-16 07:44:41.160000+00:00,-24.6836,-179.7676,4.6
2022-06-16 07:42:33.460000+00:00,38.8023338,-122.7806702,0.35
2022-06-16 07:40:51.050000+00:00,41.9621667,-112.4165,0.57
2022-06-16 07:40:21.710000+00:00,17.9675,-67.0273333333333,2.09
2022-06-16 07:37:55.850000+00:00,-49.0545,124.5556,4.7
2022-06-16 07:36:39.960000+00:00,36.85283333,-97.78216667,1.95
2022-06-16 07:36:32.140000+00:00,20.0386666666667,-155.343,2.75
2022-06-16 07:33:45.300000+00:00,35.9945,-120.556,0.85
2022-06-16 07:33:35.520000+00:00,58.2625,-155.004833333333,-0.47
2022-06-16 07:32:35.550000+00:00,34.0138333,-116.7945,0.9
2022-06-16 07:27:53.270000+00:00,46.2015,-122.19683333333332,0.64
2022-06-16 07:02:21.920000+00:00,37.4536667,-121.7678333,1.02
2022-06-16 06:55:52.070000+00:00,19.2013339996338,-155.386337280273,1.96
2022-06-16 06:49:32.961000+00:00,61.8026,-146.3874,1.1
2022-06-16 06:46:06.610000+00:00,56.4496,-157.1961,2.3
2022-06-16 06:45:19.580000+00:00,33.0301667,-115.6095,1.15
2022-06-16 06:44:45.642000+00:00,57.7548,-153.6082,1.8
2022-06-16 06:36:48.080000+00:00,47.1055,-121.86566666666668,0.85
2022-06-16 06:36:15.070000+00:00,32.9303333,-115.5288333,0.99
2022-06-16 06:31:35.543000+00:00,63.842,-149.1976,1.8
2022-06-16 06:21:47.040000+00:00,35.3911667,-118.1653333,1.29
2022-06-16 06:12:30.114000+00:00,37.3103,-117.587,0.9
2022-06-16 06:12:07.280000+00:00,46.84183333333333,-121.76766666666668,0.06
2022-06-16 06:12:00.260000+00:00,46.83916666666666,-121.77416666666667,0.67
2022-06-16 06:11:10.278000+00:00,61.8653,-149.1914,1.0
2022-06-16 06:09:28.490000+00:00,38.821,-122.8116667,0.19
2022-06-16 06:08:52.700000+00:00,17.1803,119.9525,5.1
2022-06-16 06:08:20.080000+00:00,46.84333333333333,-121.769,0.04
2022-06-16 06:06:18.030000+00:00,46.8415,-121.77133333333332,0.36
2022-06-16 06:00:37.939000+00:00,38.1696,-117.8871,0.5
2022-06-16 06:00:27.295000+00:00,61.4841,-140.5693,2.8
2022-06-16 05:54:42.119000+00:00,35.0885,-95.52433333,1.13
2022-06-16 05:47:54.901000+00:00,36.9741,-115.6827,0.2
2022-06-16 05:44:08.860000+00:00,59.8473,-152.335,1.5
2022-06-16 05:37:59.250000+00:00,51.9575,-176.970833333333,0.36
2022-06-16 05:34:05.510000+00:00,33.6811667,-116.7456667,0.59
2022-06-16 05:31:50.767000+00:00,63.5655,-147.6059,1.0
2022-06-16 05:20:25.670000+00:00,61.132,-149.6855,1.4
2022-06-16 05:14:49.700000+00:00,47.39383333333333,-121.77666666666669,1.18
2022-06-16 05:07:38.852000+00:00,38.527,-119.523,0.9
2022-06-16 05:07:03.390000+00:00,60.4615,-152.846166666667,-0.27
2022-06-16 05:06:47.716000+00:00,38.1573,-118.1978,0.3
2022-06-16 04:57:10.210000+00:00,36.06933333,-97.162,1.11
2022-06-16 04:49:32.066000+00:00,27.9289,139.6247,4.2
2022-06-16 04:44:49.320000+00:00,26.3419,54.4549,4.2
2022-06-16 04:35:00.080000+00:00,33.7066667,-116.7583333,0.97
2022-06-16 04:28:05.607000+00:00,60.0711,-153.6712,1.8
2022-06-16 04:13:39.226000+00:00,62.0669,-149.3259,1.2
2022-06-16 04:07:41.582000+00:00,38.1557,-117.8842,-0.3
2022-06-16 04:07:33.044000+00:00,37.4318,-116.5671,0.6
2022-06-16 04:03:57.489000+00:00,-31.8129,-179.4602,4.5
2022-06-16 03:57:38.050000+00:00,32.6926667,-115.4426667,1.44
2022-06-16 03:51:47.763000+00:00,67.474,-158.2528,1.6
2022-06-16 03:48:57.870000+00:00,33.9335,-117.9111667,1.18
2022-06-16 03:48:55.233000+00:00,31.63152718,-104.1542654,2.5
2022-06-16 03:47:25.560000+00:00,60.4591,-150.4094,1.1
2022-06-16 03:45:11.950000+00:00,35.6935,-117.5228333,1.47
2022-06-16 03:44:51.975000+00:00,-20.7693,-177.4851,4.1
2022-06-16 03:44:50.189000+00:00,54.6045,-159.7127,2.0
2022-06-16 03:44:25.723000+00:00,-23.5569,173.1524,4.4
2022-06-16 03:33:23.660000+00:00,33.7371667,-116.018,1.1
2022-06-16 03:30:33.360000+00:00,37.6563333,-118.8808333,0.17
2022-06-16 03:24:14.550000+00:00,47.5308333,-113.8225,-0.5
2022-06-16 03:21:10.900000+00:00,44.3181667,-115.434,2.16
2022-06-16 03:19:55.543000+00:00,-17.6902,-178.0414,4.2
2022-06-16 03:18:44.411000+00:00,64.5863,-147.0173,0.7
2022-06-16 03:18:20.945000+00:00,60.5077,-151.3868,1.2
2022-06-16 03:13:38.620000+00:00,47.5391667,-113.8051667,0.98
2022-06-16 03:08:19.767000+00:00,38.1541,-117.8902,1.0
2022-06-16 02:58:24.420000+00:00,35.1116667,-118.4035,1.94
2022-06-16 02:55:08.470000+00:00,33.7873333,-116.0315,0.92
2022-06-16 02:53:22.820000+00:00,37.6428333,-118.8998333,-0.41
2022-06-16 02:43:54.884000+00:00,-0.4854,-77.4292,4.4
2022-06-16 02:36:29.326000+00:00,61.9075,-150.5623,1.3
2022-06-16 02:32:09.271000+00:00,63.2207,-151.3251,2.0
2022-06-16 02:30:20.750000+00:00,37.6436667,-118.908,0.37
2022-06-16 02:30:01.640000+00:00,37.6496667,-118.8853333,-0.45
2022-06-16 02:23:34.190000+00:00,38.8371658,-122.7959976,0.71
2022-06-16 02:17:12.010000+00:00,35.7375,-117.5325,0.56
2022-06-16 02:08:48.740000+00:00,46.85216666666667,-121.7595,0.56
2022-06-16 02:06:29.330000+00:00,46.85216666666667,-121.75983333333332,1.05
2022-06-16 02:04:33.584000+00:00,43.9114,88.4948,4.4
2022-06-16 02:04:10.620000+00:00,19.1679992675781,-155.459167480469,1.88
2022-06-16 02:03:15.199000+00:00,59.8832,-151.314,1.1
2022-06-16 01:57:39.400000+00:00,33.2885,-116.242,0.82
2022-06-16 01:56:19.647000+00:00,-16.7269,-172.9218,4.4
2022-06-16 01:55:43.690000+00:00,38.7876663,-122.768837,0.34
2022-06-16 01:55:36.480000+00:00,38.7876663,-122.7685013,0.45
2022-06-16 01:46:35.380000+00:00,35.7906667,-117.5716667,1.01
2022-06-16 01:41:13.360000+00:00,47.43,-115.809,1.15
2022-06-16 01:34:48.270000+00:00,36.0903333,-117.8588333,1.54
2022-06-16 01:34:35.088000+00:00,67.4909,-158.2552,2.8
2022-06-16 01:22:50.120000+00:00,45.702333333333335,-119.19033333333331,1.07
2022-06-16 01:20:33.359000+00:00,39.0669,-118.1708,0.9
2022-06-16 01:18:58.580000+00:00,39.4355,-110.3145,1.94
2022-06-16 01:17:45.010000+00:00,19.171667098999,-155.462661743164,2.05999994
2022-06-16 01:16:58.630000+00:00,36.0876667,-117.6835,1.17
2022-06-16 01:16:51.370000+00:00,36.0886667,-117.689,0.94
2022-06-16 01:13:00.059000+00:00,60.0764,-140.2445,2.0
2022-06-16 01:05:55.150000+00:00,39.353,-123.2621667,1.52
2022-06-16 01:02:30.543000+00:00,38.1885,-117.7628,1.4
2022-06-16 00:58:35.840000+00:00,17.9801666666667,-66.9831666666667,1.84
2022-06-16 00:58:06.273000+00:00,61.0057,-146.9351,1.3
2022-06-16 00:50:05.980000+00:00,17.9588333333333,-66.8791666666667,2.09
2022-06-16 00:48:13.390000+00:00,-24.8886,-13.4356,4.9
2022-06-16 00:46:12.680000+00:00,18.1073333333333,-66.8291666666667,1.68
2022-06-16 00:43:41.070000+00:00,18.0001666666667,-66.8681666666667,1.61
2022-06-16 00:42:53.090000+00:00,35.9156667,-117.7018333,0.46
2022-06-16 00:40:47.792000+00:00,26.6111,54.3497,4.6
2022-06-16 00:38:13.860000+00:00,17.9748333333333,-66.8753333333333,1.95
2022-06-16 00:35:04.080000+00:00,58.6351666666667,-153.985666666667,1.22
2022-06-16 00:34:37.590000+00:00,37.4013333,-118.565,1.14
2022-06-16 00:28:45.097000+00:00,64.5979,-146.9681,0.5
2022-06-16 00:24:54.420000+00:00,34.1525,-117.4328333,1.49
2022-06-16 00:23:03.549000+00:00,26.5907,54.2689,4.3
2022-06-16 00:22:23.679000+00:00,60.5122,-151.9419,1.3
2022-06-16 00:20:58.370000+00:00,38.786335,-122.7675018,0.21
2022-06-16 00:13:30.940000+00:00,17.9605,-66.8795,1.86
2022-06-16 00:08:15.690000+00:00,38.8209991,-122.8115005,0.89
2022-06-16 00:07:08.300000+00:00,38.8243332,-122.8423309,0.37
2022-06-16 00:05:29.923000+00:00,61.4912,-146.4419,2.1
